match_id,date,season,venue,winner,win_by,match_type,player_of_match,umpire_1,umpire_2,inning1_runs,inning1_wickets,inning1_extras,inning1_pp_runs,inning1_death_runs,team1,inning2_runs,inning2_wickets,inning2_extras,inning2_pp_runs,inning2_death_runs,team2,target,run_diff,team1_win_rate,team2_win_rate,h2h_team1_win_rate,team1_recent_form,team2_recent_form,venue_team1_win_rate,team1_avg_inning1
959175,2016-02-04,2016,Dubai International Cricket Stadium,Quetta Gladiators,wickets 8,regular,Mohammad Nawaz (3),JS Wilson,Shozab Raza,128,7,4,22,51,Islamabad United,132.0,2.0,5.0,58.0,0.0,Quetta Gladiators,0,-4.0,0.5,0.5,0.5,0.5,0.5,0.5,150.0
959177,2016-02-05,2016,Dubai International Cricket Stadium,Karachi Kings,wickets 7,regular,Shakib Al Hasan,JS Wilson,Rashid Riaz,125,8,9,38,27,Lahore Qalandars,131.0,3.0,3.0,57.0,0.0,Karachi Kings,0,-6.0,0.5,0.5,0.5,0.5,0.5,0.5,128.0
959179,2016-02-05,2016,Dubai International Cricket Stadium,Peshawar Zalmi,runs 24,regular,Mohammad Asghar,Shozab Raza,Rashid Riaz,145,7,17,34,44,Peshawar Zalmi,121.0,9.0,11.0,41.0,18.0,Islamabad United,1,24.0,0.5,0.0,0.5,0.5,0.0,0.5,126.5
959181,2016-02-06,2016,Dubai International Cricket Stadium,Quetta Gladiators,wickets 8,regular,Ahmed Shehzad,Shozab Raza,Rashid Riaz,147,7,11,30,44,Karachi Kings,153.0,2.0,4.0,39.0,15.0,Quetta Gladiators,0,-6.0,1.0,1.0,0.5,1.0,1.0,1.0,132.66666666666666
959183,2016-02-06,2016,Dubai International Cricket Stadium,Peshawar Zalmi,wickets 9,regular,Tamim Iqbal,JS Wilson,Rashid Riaz,117,6,6,27,41,Lahore Qalandars,118.0,1.0,10.0,43.0,0.0,Peshawar Zalmi,0,-1.0,0.0,1.0,0.5,0.0,1.0,0.0,125.0
959185,2016-02-07,2016,Dubai International Cricket Stadium,Islamabad United,runs 2,regular,Saeed Ajmal,JS Wilson,Rashid Riaz,132,8,4,49,35,Islamabad United,130.0,9.0,5.0,35.0,40.0,Karachi Kings,1,2.0,0.0,0.5,0.5,0.0,0.5,0.0,128.0
959187,2016-02-07,2016,Dubai International Cricket Stadium,Quetta Gladiators,wickets 3,regular,Mohammad Nawaz (3),Shozab Raza,Rashid Riaz,135,7,8,29,43,Peshawar Zalmi,139.0,7.0,10.0,44.0,30.0,Quetta Gladiators,0,-4.0,1.0,1.0,0.5,1.0,1.0,1.0,145.0
959189,2016-02-08,2016,Dubai International Cricket Stadium,Lahore Qalandars,runs 63,regular,Umar Akmal,JS Wilson,Aleem Dar,194,3,3,34,44,Lahore Qalandars,131.0,10.0,11.0,42.0,2.0,Quetta Gladiators,1,63.0,0.0,1.0,0.5,0.0,1.0,0.0,121.0
959191,2016-02-10,2016,Sharjah Cricket Stadium,Islamabad United,wickets 8,regular,Sharjeel Khan,JS Wilson,Aleem Dar,166,6,9,46,47,Lahore Qalandars,169.0,2.0,9.0,58.0,0.0,Islamabad United,0,-3.0,0.3333333333333333,0.3333333333333333,0.5,0.3333333333333333,0.3333333333333333,0.5,145.33333333333334
959195,2016-02-11,2016,Sharjah Cricket Stadium,Quetta Gladiators,wickets 7,regular,GD Elliott,JS Wilson,Aleem Dar,117,10,3,54,18,Islamabad United,118.0,3.0,7.0,46.0,2.0,Quetta Gladiators,0,-1.0,0.5,0.75,0.0,0.5,0.75,1.0,130.0
959197,2016-02-12,2016,Sharjah Cricket Stadium,Karachi Kings,runs 27,regular,RS Bopara,JS Wilson,Aleem Dar,178,5,8,49,56,Karachi Kings,151.0,8.0,7.0,43.0,29.0,Lahore Qalandars,1,27.0,0.3333333333333333,0.25,1.0,0.3333333333333333,0.25,0.5,147.0
959199,2016-02-12,2016,Sharjah Cricket Stadium,Peshawar Zalmi,wickets 7,regular,Tamim Iqbal,Shozab Raza,Rashid Riaz,152,6,7,36,31,Islamabad United,153.0,3.0,4.0,48.0,27.0,Peshawar Zalmi,0,-1.0,0.4,0.6666666666666666,0.0,0.4,0.6666666666666666,0.5,125.66666666666667
959203,2016-02-13,2016,Sharjah Cricket Stadium,Lahore Qalandars,runs 4,regular,CS Delport,JS Wilson,Aleem Dar,164,3,8,41,44,Lahore Qalandars,160.0,7.0,15.0,54.0,25.0,Peshawar Zalmi,1,4.0,0.2,0.75,0.0,0.2,0.75,0.0,150.5
959201,2016-02-13,2016,Sharjah Cricket Stadium,Quetta Gladiators,wickets 5,regular,GD Elliott,Shozab Raza,Rashid Riaz,126,9,5,49,25,Karachi Kings,127.0,5.0,4.0,47.0,15.0,Quetta Gladiators,0,-1.0,0.5,0.8,0.0,0.5,0.8,1.0,162.5
959205,2016-02-14,2016,Sharjah Cricket Stadium,Islamabad United,wickets 5,regular,Imran Khalid,JS Wilson,Aleem Dar,128,5,7,32,29,Karachi Kings,131.0,5.0,8.0,32.0,34.0,Islamabad United,0,-3.0,0.4,0.3333333333333333,0.0,0.4,0.4,0.5,150.33333333333334
959207,2016-02-14,2016,Sharjah Cricket Stadium,Peshawar Zalmi,wickets 8,regular,Shahid Afridi,Ahmed Shahab,Shozab Raza,129,10,14,44,20,Quetta Gladiators,130.0,2.0,14.0,41.0,18.0,Peshawar Zalmi,0,-1.0,0.8333333333333334,0.6,1.0,0.8,0.6,1.0,143.6
959209,2016-02-16,2016,Dubai International Cricket Stadium,Quetta Gladiators,wickets 2,regular,Bismillah Khan,JS Wilson,Aleem Dar,201,2,5,61,57,Lahore Qalandars,203.0,8.0,12.0,77.0,40.0,Quetta Gladiators,0,-2.0,0.3333333333333333,0.7142857142857143,1.0,0.4,0.6,0.3333333333333333,153.2
959211,2016-02-17,2016,Dubai International Cricket Stadium,Peshawar Zalmi,wickets 5,regular,BJ Hodge,Shozab Raza,Ahsan Raza,152,7,9,42,33,Karachi Kings,158.0,5.0,6.0,32.0,37.0,Peshawar Zalmi,0,-6.0,0.3333333333333333,0.6666666666666666,0.5,0.2,0.6,0.3333333333333333,144.75
959213,2016-02-17,2016,Dubai International Cricket Stadium,Islamabad United,wickets 5,regular,Mohammad Irfan,JS Wilson,Aleem Dar,150,5,6,28,47,Lahore Qalandars,151.0,5.0,3.0,48.0,25.0,Islamabad United,0,-1.0,0.2857142857142857,0.42857142857142855,0.0,0.4,0.6,0.25,161.16666666666666
959215,2016-02-19,2016,Dubai International Cricket Stadium,Quetta Gladiators,runs 1,qualifier,Mohammad Nawaz (3),Shozab Raza,Aleem Dar,133,10,10,35,14,Quetta Gladiators,132.0,9.0,10.0,32.0,43.0,Peshawar Zalmi,1,1.0,0.75,0.7142857142857143,0.5,0.6,0.6,0.8,129.0
959217,2016-02-20,2016,Dubai International Cricket Stadium,Islamabad United,wickets 9,qualifier,Mohammad Sami,Aleem Dar,Ahsan Raza,111,9,12,29,24,Karachi Kings,115.0,1.0,4.0,38.0,0.0,Islamabad United,0,-4.0,0.2857142857142857,0.5,0.0,0.2,0.6,0.25,146.2
959219,2016-02-21,2016,Dubai International Cricket Stadium,Islamabad United,runs 50,qualifier,Sharjeel Khan,JS Wilson,Aleem Dar,176,3,12,36,36,Islamabad United,126.0,10.0,8.0,34.0,22.0,Peshawar Zalmi,1,50.0,0.5555555555555556,0.625,0.0,0.6,0.6,0.6,132.25
959221,2016-02-23,2016,Dubai International Cricket Stadium,Islamabad United,wickets 6,final,DR Smith,JS Wilson,Aleem Dar,174,7,2,36,34,Quetta Gladiators,175.0,4.0,5.0,55.0,28.0,Islamabad United,0,-1.0,0.7777777777777778,0.6,1.0,0.8,0.8,0.8333333333333334,131.0
1075986,2017-02-09,2017,Dubai International Cricket Stadium,Islamabad United,wickets 7,regular,BJ Haddin,Ahsan Raza,Shozab Raza,190,9,15,52,39,Peshawar Zalmi,175.0,3.0,13.0,43.0,28.0,Islamabad United,0,15.0,0.5555555555555556,0.6363636363636364,0.6666666666666666,0.4,1.0,0.5,140.0
1075987,2017-02-10,2017,Dubai International Cricket Stadium,Quetta Gladiators,runs 8,regular,Hassan Khan,Rashid Riaz,Shozab Raza,136,9,6,26,35,Quetta Gladiators,128.0,10.0,3.0,57.0,13.0,Lahore Qalandars,1,8.0,0.7,0.25,0.5,0.6,0.2,0.7142857142857143,145.33333333333334
1075988,2017-02-10,2017,Dubai International Cricket Stadium,Peshawar Zalmi,wickets 7,regular,EJG Morgan,Ahmed Shahab,Ahsan Raza,118,7,3,28,33,Karachi Kings,119.0,3.0,4.0,41.0,16.0,Peshawar Zalmi,0,-1.0,0.25,0.5,0.0,0.2,0.4,0.2,140.33333333333334
1075990,2017-02-11,2017,Dubai International Cricket Stadium,Quetta Gladiators,wickets 7,regular,RR Rossouw,Aleem Dar,Rashid Riaz,159,8,2,37,45,Karachi Kings,160.0,3.0,6.0,39.0,31.0,Quetta Gladiators,0,-1.0,0.2222222222222222,0.7272727272727273,0.0,0.0,0.6,0.16666666666666666,137.14285714285714
1075989,2017-02-11,2017,Dubai International Cricket Stadium,Lahore Qalandars,wickets 6,regular,JJ Roy,Asif Yaqoob,Shozab Raza,158,7,8,48,43,Islamabad United,160.0,4.0,6.0,50.0,32.0,Lahore Qalandars,0,-2.0,0.6666666666666666,0.2222222222222222,1.0,1.0,0.2,0.75,141.0
1075991,2017-02-12,2017,Dubai International Cricket Stadium,Peshawar Zalmi,wickets 3,regular,Yasir Shah,Aleem Dar,RK Illingworth,59,10,2,47,0,Lahore Qalandars,60.0,7.0,6.0,20.0,5.0,Peshawar Zalmi,0,-1.0,0.3,0.5454545454545454,0.5,0.4,0.4,0.2857142857142857,159.57142857142858
1075992,2017-02-15,2017,Sharjah Cricket Stadium,Islamabad United,wickets 5,regular,SW Billings,Aleem Dar,RK Illingworth,148,6,2,44,37,Quetta Gladiators,149.0,5.0,8.0,40.0,36.0,Islamabad United,0,-1.0,0.75,0.6153846153846154,0.6666666666666666,0.8,0.8,0.6666666666666666,143.0
1075993,2017-02-16,2017,Sharjah Cricket Stadium,Lahore Qalandars,runs 7,regular,Fakhar Zaman,Aleem Dar,RK Illingworth,179,8,9,62,27,Lahore Qalandars,172.0,8.0,10.0,45.0,40.0,Karachi Kings,1,7.0,0.2727272727272727,0.2,0.0,0.2,0.0,0.3333333333333333,147.0
1075995,2017-02-17,2017,Sharjah Cricket Stadium,Karachi Kings,runs 8,regular,Babar Azam,Aleem Dar,RK Illingworth,90,8,5,32,0,Islamabad United,75.0,4.0,9.0,50.0,0.0,Karachi Kings,0,15.0,0.6428571428571429,0.18181818181818182,1.0,0.8,0.0,0.6,143.83333333333334
1075994,2017-02-17,2017,Sharjah Cricket Stadium,No result,no result,regular,,Ahsan Raza,Asif Yaqoob,117,3,8,41,0,Peshawar Zalmi,,,,,,,0,,0.5833333333333334,0.5,0.5,0.4,0.5,0.6666666666666666,156.66666666666666
1075997,2017-02-18,2017,Sharjah Cricket Stadium,Islamabad United,wickets 5,regular,Mohammad Sami,Aleem Dar,RK Illingworth,136,9,8,38,28,Peshawar Zalmi,137.0,5.0,5.0,23.0,38.0,Islamabad United,0,-1.0,0.5384615384615384,0.6,0.5,0.4,0.6,0.5,146.75
1075996,2017-02-18,2017,Sharjah Cricket Stadium,Quetta Gladiators,wickets 5,regular,KP Pietersen,Rashid Riaz,Shozab Raza,200,3,4,75,54,Lahore Qalandars,202.0,5.0,3.0,51.0,63.0,Quetta Gladiators,0,-2.0,0.3333333333333333,0.6923076923076923,0.3333333333333333,0.4,0.6,0.5,150.55555555555554
1075998,2017-02-19,2017,Sharjah Cricket Stadium,Karachi Kings,runs 9,regular,Shoaib Malik,Ahmed Shahab,Aleem Dar,174,4,4,47,55,Karachi Kings,165.0,10.0,8.0,39.0,53.0,Peshawar Zalmi,1,9.0,0.25,0.5,0.0,0.2,0.4,0.4,139.875
1075999,2017-02-20,2017,Sharjah Cricket Stadium,Lahore Qalandars,wickets 1,regular,Umar Akmal,Ahmed Shahab,Ahsan Raza,145,8,9,37,41,Islamabad United,146.0,9.0,9.0,29.0,36.0,Lahore Qalandars,0,-1.0,0.625,0.3076923076923077,0.6666666666666666,0.6,0.4,0.5714285714285714,136.14285714285714
1076000,2017-02-23,2017,Dubai International Cricket Stadium,Quetta Gladiators,wickets 6,regular,Mahmudullah,Aleem Dar,REJ Martinesz,154,6,14,50,44,Karachi Kings,158.0,4.0,11.0,49.0,22.0,Quetta Gladiators,0,-4.0,0.3076923076923077,0.7142857142857143,0.0,0.4,0.6,0.14285714285714285,143.66666666666666
1076002,2017-02-24,2017,Dubai International Cricket Stadium,Islamabad United,runs 1,regular,Mohammad Sami,Ahsan Raza,Aleem Dar,165,6,7,41,46,Islamabad United,164.0,5.0,14.0,44.0,23.0,Quetta Gladiators,1,1.0,0.5882352941176471,0.7333333333333333,0.5,0.4,0.8,0.6666666666666666,137.25
1076001,2017-02-24,2017,Dubai International Cricket Stadium,Peshawar Zalmi,runs 17,regular,Shakib Al Hasan,REJ Martinesz,Shozab Raza,166,6,16,52,37,Peshawar Zalmi,149.0,9.0,1.0,45.0,31.0,Lahore Qalandars,1,17.0,0.4666666666666667,0.35714285714285715,0.6666666666666666,0.4,0.6,0.5555555555555556,144.6
1076004,2017-02-25,2017,Dubai International Cricket Stadium,Peshawar Zalmi,wickets 2,regular,Mohammad Asghar,Ahmed Shahab,Ahsan Raza,128,10,12,28,16,Quetta Gladiators,130.0,8.0,13.0,37.0,41.0,Peshawar Zalmi,0,-2.0,0.6875,0.5,0.6666666666666666,0.6,0.4,0.7272727272727273,144.0
1076003,2017-02-25,2017,Dubai International Cricket Stadium,Karachi Kings,wickets 5,regular,KA Pollard,REJ Martinesz,Shozab Raza,155,6,10,42,46,Lahore Qalandars,158.0,5.0,7.0,43.0,50.0,Karachi Kings,0,-3.0,0.3333333333333333,0.2857142857142857,0.3333333333333333,0.4,0.4,0.2222222222222222,155.5
1076005,2017-02-26,2017,Dubai International Cricket Stadium,Karachi Kings,wickets 6,regular,CH Gayle,Aleem Dar,REJ Martinesz,123,7,4,43,0,Islamabad United,127.0,4.0,8.0,64.0,0.0,Karachi Kings,0,-4.0,0.6111111111111112,0.3333333333333333,0.75,0.6,0.6,0.7,140.33333333333334
1076006,2017-02-28,2017,Sharjah Cricket Stadium,Quetta Gladiators,runs 1,qualifier,Ahmed Shehzad,REJ Martinesz,Shozab Raza,200,7,12,59,40,Quetta Gladiators,199.0,9.0,13.0,38.0,32.0,Peshawar Zalmi,1,1.0,0.6470588235294118,0.5294117647058824,0.5,0.4,0.4,0.6,141.33333333333334
1076007,2017-03-01,2017,Sharjah Cricket Stadium,Karachi Kings,runs 44,qualifier,Imad Wasim,REJ Martinesz,Shozab Raza,126,10,6,42,20,Karachi Kings,82.0,10.0,5.0,34.0,0.0,Islamabad United,1,44.0,0.375,0.5789473684210527,0.4,0.8,0.4,0.5,144.7
1076008,2017-03-03,2017,Dubai International Cricket Stadium,Peshawar Zalmi,runs 24,qualifier,Kamran Akmal,Ahsan Raza,REJ Martinesz,181,3,4,47,36,Peshawar Zalmi,157.0,7.0,12.0,23.0,26.0,Karachi Kings,1,24.0,0.5,0.4117647058823529,0.6666666666666666,0.4,0.8,0.6363636363636364,148.16666666666666
1076009,2017-03-05,2017,Gaddafi Stadium,Peshawar Zalmi,runs 58,final,DJG Sammy,Ahsan Raza,REJ Martinesz,148,6,10,52,38,Peshawar Zalmi,90.0,10.0,4.0,31.0,2.0,Quetta Gladiators,1,58.0,0.5263157894736842,0.6666666666666666,0.4,0.6,0.6,0.5,152.85714285714286
1128818,2018-02-22,2018,Dubai International Cricket Stadium,Multan Sultans,wickets 7,regular,KC Sangakkara,Ahmed Shahab,RT Robinson,151,6,10,29,49,Peshawar Zalmi,152.0,3.0,11.0,43.0,38.0,Multan Sultans,0,-1.0,0.55,0.5,0.5,0.8,0.5,0.6666666666666666,152.25
1128819,2018-02-23,2018,Dubai International Cricket Stadium,Karachi Kings,runs 19,regular,CA Ingram,REJ Martinesz,Rashid Riaz,149,9,9,39,27,Karachi Kings,130.0,9.0,6.0,26.0,23.0,Quetta Gladiators,1,19.0,0.3888888888888889,0.631578947368421,0.0,0.6,0.4,0.2727272727272727,143.0
1128820,2018-02-23,2018,Dubai International Cricket Stadium,Multan Sultans,runs 43,regular,Imran Tahir,Asif Yaqoob,RT Robinson,179,5,16,53,41,Multan Sultans,136.0,10.0,5.0,40.0,1.0,Lahore Qalandars,1,43.0,1.0,0.3125,0.5,1.0,0.4,1.0,147.6530612244898
1128821,2018-02-24,2018,Dubai International Cricket Stadium,Peshawar Zalmi,runs 34,regular,Umaid Asif,REJ Martinesz,Rashid Riaz,176,6,4,57,34,Peshawar Zalmi,142.0,9.0,3.0,38.0,34.0,Islamabad United,1,34.0,0.5238095238095238,0.55,0.4,0.6,0.4,0.6153846153846154,152.11111111111111
1128822,2018-02-24,2018,Dubai International Cricket Stadium,Quetta Gladiators,wickets 9,regular,Mohammad Nawaz (3),Asif Yaqoob,RT Robinson,119,9,4,61,17,Lahore Qalandars,120.0,1.0,3.0,41.0,0.0,Quetta Gladiators,0,-1.0,0.29411764705882354,0.6,0.25,0.2,0.2,0.18181818181818182,155.45454545454547
1128823,2018-02-25,2018,Dubai International Cricket Stadium,Islamabad United,wickets 5,regular,Hussain Talat,REJ Martinesz,Rashid Riaz,113,10,3,24,18,Multan Sultans,117.0,5.0,9.0,39.0,19.0,Islamabad United,0,-4.0,1.0,0.5238095238095238,0.5,1.0,0.2,1.0,179.0
1128824,2018-02-25,2018,Dubai International Cricket Stadium,Karachi Kings,wickets 5,regular,DR Smith,REJ Martinesz,RT Robinson,131,9,7,37,48,Peshawar Zalmi,135.0,5.0,7.0,46.0,31.0,Karachi Kings,0,-4.0,0.5454545454545454,0.42105263157894735,0.75,0.6,0.8,0.6428571428571429,154.5
1128825,2018-02-26,2018,Dubai International Cricket Stadium,Karachi Kings,runs 27,regular,Shahid Afridi,REJ Martinesz,RT Robinson,159,7,7,39,55,Karachi Kings,132.0,10.0,12.0,68.0,10.0,Lahore Qalandars,1,27.0,0.45,0.2777777777777778,0.75,0.8,0.2,0.38461538461538464,143.5
1128826,2018-02-28,2018,Sharjah Cricket Stadium,Quetta Gladiators,wickets 6,regular,KP Pietersen,REJ Martinesz,RT Robinson,134,7,8,52,36,Islamabad United,135.0,4.0,14.0,48.0,8.0,Quetta Gladiators,0,-1.0,0.5454545454545454,0.6190476190476191,0.6,0.4,0.4,0.4444444444444444,138.6
1128827,2018-03-01,2018,Sharjah Cricket Stadium,Peshawar Zalmi,wickets 5,regular,DJG Sammy,RT Robinson,Aleem Dar,141,8,3,31,22,Quetta Gladiators,143.0,5.0,11.0,47.0,34.0,Peshawar Zalmi,0,-2.0,0.6363636363636364,0.5217391304347826,0.5,0.6,0.6,0.7142857142857143,149.71428571428572
1128829,2018-03-02,2018,Sharjah Cricket Stadium,No result,tie,regular,Mohammad Sami,REJ Martinesz,Khalid Mahmood,121,9,3,25,36,Islamabad United,121.0,10.0,9.0,39.0,26.0,Lahore Qalandars,0,0.0,0.5217391304347826,0.2631578947368421,0.5,0.2,0.0,0.4,138.1818181818182
1128830,2018-03-03,2018,Sharjah Cricket Stadium,Multan Sultans,wickets 9,regular,Sohail Tanvir,Ahmed Shahab,Aleem Dar,102,10,16,42,0,Quetta Gladiators,108.0,1.0,4.0,37.0,6.0,Multan Sultans,0,-6.0,0.6086956521739131,0.6666666666666666,0.5,0.4,0.6666666666666666,0.625,148.625
1128831,2018-03-03,2018,Sharjah Cricket Stadium,Peshawar Zalmi,wickets 10,regular,LA Dawson,REJ Martinesz,RT Robinson,100,10,7,53,1,Lahore Qalandars,104.0,0.0,10.0,41.0,0.0,Peshawar Zalmi,0,-4.0,0.25,0.5416666666666666,0.25,0.0,0.6,0.42857142857142855,152.41666666666666
1128832,2018-03-04,2018,Sharjah Cricket Stadium,Islamabad United,wickets 8,regular,L Ronchi,RT Robinson,Aleem Dar,153,6,2,32,43,Karachi Kings,156.0,2.0,8.0,61.0,22.0,Islamabad United,0,-3.0,0.47619047619047616,0.5,0.5,0.8,0.2,0.5714285714285714,144.69230769230768
1128833,2018-03-06,2018,Dubai International Cricket Stadium,Multan Sultans,runs 19,regular,Sohaib Maqsood,Asif Yaqoob,Aleem Dar,183,3,4,41,60,Multan Sultans,164.0,8.0,7.0,39.0,36.0,Peshawar Zalmi,1,19.0,0.75,0.56,1.0,0.75,0.6,0.6666666666666666,146.0
1128834,2018-03-07,2018,Dubai International Cricket Stadium,Quetta Gladiators,wickets 2,regular,Umar Gul,RT Robinson,Aleem Dar,152,5,9,35,46,Multan Sultans,156.0,8.0,7.0,46.0,43.0,Quetta Gladiators,0,-4.0,0.8,0.5833333333333334,1.0,0.8,0.4,0.75,158.33333333333334
1128835,2018-03-08,2018,Dubai International Cricket Stadium,Islamabad United,wickets 6,regular,L Ronchi,RT Robinson,Aleem Dar,163,8,8,49,43,Lahore Qalandars,164.0,4.0,12.0,59.0,13.0,Islamabad United,0,-1.0,0.23809523809523808,0.52,0.4,0.0,0.4,0.15384615384615385,148.3846153846154
1128836,2018-03-08,2018,Dubai International Cricket Stadium,Quetta Gladiators,runs 67,regular,SR Watson,Asif Yaqoob,Shozab Raza,180,4,2,52,36,Quetta Gladiators,113.0,8.0,2.0,32.0,19.0,Karachi Kings,1,67.0,0.6,0.45454545454545453,0.8,0.6,0.6,0.6666666666666666,143.44444444444446
1128837,2018-03-09,2018,Dubai International Cricket Stadium,Lahore Qalandars,wickets 6,regular,Shaheen Shah Afridi,Asif Yaqoob,RT Robinson,114,10,4,54,15,Multan Sultans,115.0,4.0,1.0,47.0,21.0,Lahore Qalandars,0,-1.0,0.6666666666666666,0.22727272727272727,1.0,0.6,0.0,0.6,156.75
1128838,2018-03-09,2018,Dubai International Cricket Stadium,Islamabad United,runs 26,regular,JP Duminy,Ahmed Shahab,Aleem Dar,182,5,7,41,37,Islamabad United,156.0,9.0,12.0,48.0,50.0,Peshawar Zalmi,1,26.0,0.5384615384615384,0.5384615384615384,0.5,0.6,0.6,0.6428571428571429,136.75
1128840,2018-03-10,2018,Dubai International Cricket Stadium,Quetta Gladiators,wickets 6,regular,Sarfraz Ahmed,Ahmed Shahab,RT Robinson,157,5,4,37,50,Peshawar Zalmi,158.0,4.0,7.0,41.0,31.0,Quetta Gladiators,0,-1.0,0.5185185185185185,0.6153846153846154,0.5714285714285714,0.4,0.6,0.5294117647058824,152.36363636363637
1128839,2018-03-10,2018,Dubai International Cricket Stadium,Karachi Kings,runs 63,regular,Shahid Afridi,Asif Yaqoob,Aleem Dar,188,3,15,32,60,Karachi Kings,125.0,10.0,5.0,53.0,26.0,Multan Sultans,1,63.0,0.43478260869565216,0.5714285714285714,0.5,0.6,0.4,0.4,145.28571428571428
1128841,2018-03-11,2018,Dubai International Cricket Stadium,No result,tie,regular,Agha Salman,RT Robinson,Aleem Dar,163,5,12,46,40,Karachi Kings,163.0,8.0,19.0,52.0,36.0,Lahore Qalandars,0,0.0,0.4583333333333333,0.2608695652173913,0.8,0.6,0.2,0.4375,148.13333333333333
1128842,2018-03-13,2018,Sharjah Cricket Stadium,Islamabad United,runs 33,regular,L Ronchi,Aleem Dar,Rashid Riaz,185,4,9,54,43,Islamabad United,152.0,10.0,12.0,25.0,33.0,Multan Sultans,1,33.0,0.5555555555555556,0.5,1.0,0.6,0.4,0.4166666666666667,140.23076923076923
1128843,2018-03-14,2018,Sharjah Cricket Stadium,Lahore Qalandars,runs 17,regular,Fakhar Zaman,RT Robinson,Rashid Riaz,186,4,6,52,39,Lahore Qalandars,169.0,6.0,10.0,54.0,35.0,Quetta Gladiators,1,17.0,0.25,0.6296296296296297,0.2,0.2,0.6,0.375,149.42857142857142
1128844,2018-03-15,2018,Sharjah Cricket Stadium,Peshawar Zalmi,runs 44,regular,Kamran Akmal,Ahmed Shahab,Shozab Raza,181,6,7,31,62,Peshawar Zalmi,137.0,8.0,8.0,35.0,25.0,Karachi Kings,1,44.0,0.5,0.44,0.6,0.4,0.4,0.4444444444444444,152.75
1128845,2018-03-15,2018,Sharjah Cricket Stadium,Islamabad United,wickets 6,regular,JP Duminy,Aleem Dar,Khalid Mahmood,147,7,10,36,29,Quetta Gladiators,149.0,4.0,5.0,51.0,22.0,Islamabad United,0,-2.0,0.6071428571428571,0.5714285714285714,0.5,0.6,0.8,0.5,147.1
1128847,2018-03-16,2018,Sharjah Cricket Stadium,Karachi Kings,wickets 7,regular,Usman Shinwari,Aleem Dar,Khalid Mahmood,124,10,6,32,13,Islamabad United,125.0,3.0,12.0,50.0,9.0,Karachi Kings,0,-1.0,0.5862068965517241,0.4230769230769231,0.5714285714285714,1.0,0.2,0.5,143.42857142857142
1128846,2018-03-16,2018,Sharjah Cricket Stadium,Peshawar Zalmi,wickets 7,regular,Kamran Akmal,Shozab Raza,Rashid Riaz,172,4,5,49,45,Lahore Qalandars,176.0,3.0,7.0,57.0,28.0,Peshawar Zalmi,0,-4.0,0.28,0.5172413793103449,0.2,0.4,0.4,0.4444444444444444,151.86666666666667
1128848,2018-03-18,2018,Dubai International Cricket Stadium,Islamabad United,wickets 8,qualifier,L Ronchi,Aleem Dar,Rashid Riaz,154,4,4,29,43,Karachi Kings,155.0,2.0,4.0,75.0,0.0,Islamabad United,0,-1.0,0.4444444444444444,0.5666666666666667,0.5,0.4,0.8,0.4117647058823529,149.0625
1128849,2018-03-20,2018,Gaddafi Stadium,Peshawar Zalmi,runs 1,eliminator,Hasan Ali,Aleem Dar,Rashid Riaz,157,10,4,44,43,Peshawar Zalmi,156.0,9.0,14.0,49.0,38.0,Quetta Gladiators,1,1.0,0.5333333333333333,0.5862068965517241,0.5,0.4,0.6,1.0,154.92307692307693
1128850,2018-03-21,2018,Gaddafi Stadium,Peshawar Zalmi,runs 13,eliminator,Kamran Akmal,Shozab Raza,Aleem Dar,170,7,8,69,0,Peshawar Zalmi,157.0,2.0,9.0,51.0,0.0,Karachi Kings,1,13.0,0.5483870967741935,0.42857142857142855,0.6666666666666666,0.6,0.4,1.0,155.07142857142858
1128851,2018-03-25,2018,National Stadium,Islamabad United,wickets 3,final,L Ronchi,Shozab Raza,Aleem Dar,148,9,5,38,36,Peshawar Zalmi,154.0,7.0,6.0,66.0,6.0,Islamabad United,0,-6.0,0.5625,0.5806451612903226,0.42857142857142855,0.8,0.8,0.5,156.06666666666666
1168820,2019-02-14,2019,Dubai International Cricket Stadium,Islamabad United,wickets 5,regular,Faheem Ashraf,RK Illingworth,Rashid Riaz,171,8,9,57,31,Lahore Qalandars,177.0,5.0,11.0,49.0,42.0,Islamabad United,0,-6.0,0.2692307692307692,0.59375,0.3333333333333333,0.4,0.8,0.1875,153.125
1168822,2019-02-15,2019,Dubai International Cricket Stadium,Quetta Gladiators,wickets 6,regular,Umar Akmal,Shozab Raza,RK Illingworth,155,4,6,37,49,Peshawar Zalmi,161.0,4.0,0.0,59.0,30.0,Quetta Gladiators,0,-6.0,0.5454545454545454,0.5666666666666667,0.5555555555555556,0.8,0.4,0.5,155.5625
1168821,2019-02-15,2019,Dubai International Cricket Stadium,Karachi Kings,runs 7,regular,LS Livingstone,REJ Martinesz,MA Gough,183,6,7,53,23,Karachi Kings,176.0,9.0,9.0,38.0,39.0,Multan Sultans,1,7.0,0.41379310344827586,0.4444444444444444,1.0,0.2,0.2,0.3888888888888889,149.35294117647058
1168824,2019-02-16,2019,Dubai International Cricket Stadium,Lahore Qalandars,runs 22,regular,Haris Rauf,Shozab Raza,RK Illingworth,138,6,5,50,21,Lahore Qalandars,116.0,10.0,3.0,32.0,24.0,Karachi Kings,1,22.0,0.25925925925925924,0.43333333333333335,0.16666666666666666,0.4,0.4,0.17647058823529413,154.1764705882353
1168823,2019-02-16,2019,Dubai International Cricket Stadium,Multan Sultans,wickets 5,regular,Ali Shafiq,REJ Martinesz,Asif Yaqoob,125,7,2,29,31,Islamabad United,126.0,5.0,8.0,24.0,32.0,Multan Sultans,0,-1.0,0.6060606060606061,0.4,1.0,0.8,0.0,0.7058823529411765,142.13333333333333
1168825,2019-02-17,2019,Dubai International Cricket Stadium,Quetta Gladiators,wickets 7,regular,SR Watson,REJ Martinesz,Asif Yaqoob,157,8,8,38,41,Islamabad United,161.0,3.0,9.0,49.0,27.0,Quetta Gladiators,0,-4.0,0.5882352941176471,0.5806451612903226,0.5714285714285714,0.6,0.4,0.6666666666666666,141.0625
1168826,2019-02-17,2019,Dubai International Cricket Stadium,Peshawar Zalmi,wickets 7,regular,Hasan Ali,RK Illingworth,Rashid Riaz,78,10,7,39,0,Lahore Qalandars,81.0,3.0,8.0,50.0,0.0,Peshawar Zalmi,0,-3.0,0.2857142857142857,0.5294117647058824,0.16666666666666666,0.4,0.6,0.2222222222222222,153.27777777777777
1168827,2019-02-20,2019,Sharjah Cricket Stadium,Quetta Gladiators,wickets 8,regular,SR Watson,Asif Yaqoob,Shozab Raza,160,9,13,51,33,Multan Sultans,161.0,2.0,7.0,59.0,18.0,Quetta Gladiators,0,-1.0,0.45454545454545453,0.59375,0.5,0.2,0.4,0.5,148.2
1168828,2019-02-21,2019,Sharjah Cricket Stadium,Peshawar Zalmi,runs 44,regular,Imam-ul-Haq,RK Illingworth,Rashid Riaz,153,8,13,38,47,Peshawar Zalmi,109.0,9.0,2.0,32.0,21.0,Karachi Kings,1,44.0,0.5428571428571428,0.41935483870967744,0.7142857142857143,0.6,0.4,0.5454545454545454,155.52941176470588
1168829,2019-02-22,2019,Sharjah Cricket Stadium,Lahore Qalandars,wickets 6,regular,AB de Villiers,REJ Martinesz,Shozab Raza,200,6,11,60,36,Multan Sultans,204.0,5.0,14.0,51.0,56.0,Lahore Qalandars,0,-4.0,0.4166666666666667,0.27586206896551724,0.5,0.2,0.4,0.3333333333333333,150.16666666666666
1168830,2019-02-22,2019,Sharjah Cricket Stadium,Islamabad United,runs 12,regular,Mohammad Sami,MA Gough,RK Illingworth,158,9,11,40,29,Islamabad United,146.0,10.0,1.0,36.0,38.0,Peshawar Zalmi,1,12.0,0.5714285714285714,0.5555555555555556,0.625,0.6,0.6,0.4666666666666667,142.0
1168831,2019-02-23,2019,Sharjah Cricket Stadium,Quetta Gladiators,wickets 3,regular,Sarfraz Ahmed,REJ Martinesz,Shozab Raza,143,7,11,48,22,Lahore Qalandars,148.0,7.0,6.0,35.0,35.0,Quetta Gladiators,0,-5.0,0.3,0.6060606060606061,0.3333333333333333,0.4,0.6,0.45454545454545453,149.31578947368422
1168832,2019-02-23,2019,Sharjah Cricket Stadium,Islamabad United,wickets 7,regular,L Ronchi,Asif Yaqoob,RK Illingworth,143,6,2,34,53,Karachi Kings,147.0,3.0,5.0,61.0,4.0,Islamabad United,0,-4.0,0.40625,0.5833333333333334,0.4444444444444444,0.2,0.6,0.45454545454545453,151.22222222222223
1168833,2019-02-24,2019,Sharjah Cricket Stadium,Peshawar Zalmi,wickets 5,regular,Hasan Ali,REJ Martinesz,Shozab Raza,145,10,15,55,21,Multan Sultans,146.0,5.0,2.0,41.0,32.0,Peshawar Zalmi,0,-1.0,0.38461538461538464,0.5405405405405406,1.0,0.2,0.4,0.25,157.28571428571428
1168834,2019-02-24,2019,Sharjah Cricket Stadium,Karachi Kings,wickets 6,regular,CA Ingram,RK Illingworth,Ahsan Raza,186,5,19,53,58,Quetta Gladiators,188.0,4.0,6.0,39.0,42.0,Karachi Kings,0,-2.0,0.6176470588235294,0.3939393939393939,0.8333333333333334,0.8,0.2,0.5384615384615384,147.0909090909091
1168835,2019-02-26,2019,Dubai International Cricket Stadium,Multan Sultans,wickets 6,regular,DT Christian,RK Illingworth,Ahsan Raza,121,10,4,45,15,Islamabad United,122.0,4.0,4.0,52.0,21.0,Multan Sultans,0,-1.0,0.5945945945945946,0.35714285714285715,0.6666666666666666,0.6,0.2,0.631578947368421,142.88888888888889
1168836,2019-02-27,2019,Dubai International Cricket Stadium,Lahore Qalandars,wickets 8,regular,,REJ Martinesz,Shozab Raza,106,10,8,45,8,Quetta Gladiators,107.0,2.0,4.0,35.0,6.0,Lahore Qalandars,0,-1.0,0.6,0.2903225806451613,0.7142857142857143,0.8,0.4,0.7368421052631579,150.33333333333334
1168837,2019-02-27,2019,Dubai International Cricket Stadium,Islamabad United,wickets 5,regular,Asif Ali,RK Illingworth,Ahsan Raza,168,8,4,67,24,Karachi Kings,169.0,5.0,7.0,44.0,29.0,Islamabad United,0,-1.0,0.4117647058823529,0.5789473684210527,0.4,0.4,0.4,0.4,150.78947368421052
1168838,2019-02-28,2019,Dubai International Cricket Stadium,Peshawar Zalmi,wickets 7,regular,KA Pollard,REJ Martinesz,Asif Yaqoob,172,5,9,65,43,Multan Sultans,176.0,3.0,7.0,39.0,55.0,Peshawar Zalmi,0,-4.0,0.4,0.5526315789473685,0.6666666666666666,0.4,0.6,0.5,155.75
1168839,2019-02-28,2019,Dubai International Cricket Stadium,Karachi Kings,wickets 5,regular,Iftikhar Ahmed,RK Illingworth,Rashid Riaz,133,5,4,42,34,Lahore Qalandars,134.0,5.0,4.0,29.0,34.0,Karachi Kings,0,-1.0,0.3125,0.4,0.2857142857142857,0.6,0.2,0.25,149.0
1168840,2019-03-01,2019,Dubai International Cricket Stadium,Peshawar Zalmi,wickets 4,regular,LA Dawson,REJ Martinesz,Shozab Raza,176,10,8,44,31,Islamabad United,177.0,6.0,23.0,58.0,42.0,Peshawar Zalmi,0,-1.0,0.5897435897435898,0.5641025641025641,0.6666666666666666,0.6,0.8,0.6190476190476191,141.73684210526315
1168841,2019-03-01,2019,Dubai International Cricket Stadium,Quetta Gladiators,wickets 6,regular,DJ Bravo,RK Illingworth,Ahsan Raza,121,10,10,35,20,Multan Sultans,122.0,4.0,7.0,50.0,19.0,Quetta Gladiators,0,-1.0,0.375,0.5833333333333334,0.3333333333333333,0.2,0.6,0.45454545454545453,157.55555555555554
1168842,2019-03-04,2019,Sheikh Zayed Stadium,Quetta Gladiators,wickets 8,regular,SR Watson,REJ Martinesz,Asif Yaqoob,165,4,6,53,40,Peshawar Zalmi,166.0,2.0,12.0,45.0,25.0,Quetta Gladiators,0,-1.0,0.575,0.5945945945945946,0.5,0.8,0.6,0.5,155.38888888888889
1168843,2019-03-04,2019,Sheikh Zayed Stadium,Karachi Kings,wickets 5,regular,Usman Shinwari,Shozab Raza,RK Illingworth,118,7,9,35,31,Multan Sultans,120.0,5.0,3.0,30.0,30.0,Karachi Kings,0,-2.0,0.35294117647058826,0.4166666666666667,0.0,0.2,0.4,0.5,153.9
1168844,2019-03-05,2019,Sheikh Zayed Stadium,Peshawar Zalmi,wickets 4,regular,Misbah-ul-Haq,Asif Yaqoob,Ahsan Raza,124,7,2,35,28,Lahore Qalandars,125.0,6.0,9.0,20.0,35.0,Peshawar Zalmi,0,-1.0,0.30303030303030304,0.5609756097560976,0.14285714285714285,0.4,0.6,0.5,148.23809523809524
1168845,2019-03-05,2019,Sheikh Zayed Stadium,Quetta Gladiators,runs 43,regular,Ahmed Shehzad,RK Illingworth,Rashid Riaz,180,9,14,57,46,Quetta Gladiators,137.0,9.0,5.0,40.0,22.0,Islamabad United,1,43.0,0.6052631578947368,0.575,0.5,0.6,0.6,1.0,146.92307692307693
1168847,2019-03-09,2019,National Stadium,Islamabad United,runs 49,regular,CS Delport,MA Gough,Shozab Raza,238,3,8,70,54,Islamabad United,189.0,9.0,8.0,64.0,28.0,Lahore Qalandars,1,49.0,0.5609756097560976,0.29411764705882354,0.5714285714285714,0.4,0.4,1.0,143.45
1168848,2019-03-10,2019,National Stadium,Karachi Kings,runs 1,regular,Usman Shinwari,REJ Martinesz,Asif Yaqoob,190,5,9,51,57,Karachi Kings,189.0,7.0,21.0,66.0,49.0,Quetta Gladiators,1,1.0,0.43243243243243246,0.6153846153846154,0.2857142857142857,0.6,0.6,0.5,151.65
1168849,2019-03-11,2019,National Stadium,Multan Sultans,wickets 7,regular,Mohammad Abbas,MA Gough,Rashid Riaz,140,8,6,38,29,Lahore Qalandars,141.0,3.0,11.0,78.0,0.0,Multan Sultans,0,-1.0,0.2857142857142857,0.3333333333333333,0.6666666666666666,0.2,0.2,0.0,147.13636363636363
1168846,2019-03-11,2019,National Stadium,Peshawar Zalmi,runs 61,regular,Kamran Akmal,REJ Martinesz,Ahsan Raza,203,7,8,61,37,Peshawar Zalmi,142.0,10.0,11.0,57.0,0.0,Karachi Kings,1,61.0,0.5714285714285714,0.4473684210526316,0.75,0.8,0.8,0.0,155.89473684210526
1168851,2019-03-13,2019,National Stadium,Quetta Gladiators,runs 10,qualifier,SR Watson,REJ Martinesz,Ahsan Raza,186,6,9,57,31,Quetta Gladiators,176.0,7.0,8.0,41.0,47.0,Peshawar Zalmi,1,10.0,0.6,0.5813953488372093,0.5454545454545454,0.6,0.8,0.0,149.28571428571428
1168850,2019-03-14,2019,National Stadium,Islamabad United,wickets 4,eliminator,AD Hales,Shozab Raza,MA Gough,161,9,3,78,19,Karachi Kings,164.0,6.0,7.0,48.0,49.0,Islamabad United,0,-3.0,0.4358974358974359,0.5714285714285714,0.36363636363636365,0.6,0.4,0.5,153.47619047619048
1168852,2019-03-15,2019,National Stadium,Peshawar Zalmi,runs 48,eliminator,Kamran Akmal,REJ Martinesz,Ahsan Raza,214,5,10,58,49,Peshawar Zalmi,166.0,9.0,10.0,41.0,15.0,Islamabad United,1,48.0,0.5681818181818182,0.5813953488372093,0.4,0.6,0.6,0.3333333333333333,158.25
1168853,2019-03-17,2019,National Stadium,Quetta Gladiators,wickets 8,final,Mohammad Hasnain,REJ Martinesz,Ahsan Raza,138,8,10,41,35,Peshawar Zalmi,139.0,2.0,10.0,57.0,9.0,Quetta Gladiators,0,-1.0,0.5777777777777777,0.6097560975609756,0.4166666666666667,0.6,0.8,0.5,160.9047619047619
1211642,2020-02-20,2020,National Stadium,Quetta Gladiators,wickets 3,regular,Mohammad Hasnain,RK Illingworth,Faisal Afridi,168,10,9,55,27,Islamabad United,171.0,7.0,9.0,36.0,39.0,Quetta Gladiators,0,-3.0,0.5681818181818182,0.6190476190476191,0.4444444444444444,0.4,0.8,0.75,147.95238095238096
1211644,2020-02-21,2020,Gaddafi Stadium,Multan Sultans,wickets 5,regular,Imran Tahir,REJ Martinesz,Rashid Riaz,138,8,5,61,28,Lahore Qalandars,142.0,5.0,12.0,54.0,4.0,Multan Sultans,0,-4.0,0.2777777777777778,0.3684210526315789,0.5,0.2,0.4,0.5,146.82608695652175
1211643,2020-02-21,2020,National Stadium,Karachi Kings,runs 10,regular,Babar Azam,RK Illingworth,Faisal Afridi,201,4,9,57,42,Karachi Kings,191.0,7.0,9.0,50.0,47.0,Peshawar Zalmi,1,10.0,0.425,0.5652173913043478,0.2222222222222222,0.6,0.6,0.3333333333333333,153.8181818181818
1211646,2020-02-22,2020,Gaddafi Stadium,Islamabad United,wickets 8,regular,L Ronchi,REJ Martinesz,Shozab Raza,164,8,7,42,42,Multan Sultans,165.0,2.0,5.0,63.0,3.0,Islamabad United,0,-1.0,0.4,0.5555555555555556,0.5,0.4,0.4,1.0,150.63636363636363
1211645,2020-02-22,2020,National Stadium,Peshawar Zalmi,wickets 6,regular,Kamran Akmal,RK Illingworth,Faisal Afridi,148,5,5,36,26,Quetta Gladiators,153.0,4.0,4.0,69.0,19.0,Peshawar Zalmi,0,-5.0,0.627906976744186,0.5531914893617021,0.6153846153846154,0.8,0.4,0.75,151.73333333333332
1211647,2020-02-23,2020,National Stadium,Quetta Gladiators,wickets 5,regular,Azam Khan,RK Illingworth,Faisal Afridi,156,9,16,40,46,Karachi Kings,157.0,5.0,6.0,41.0,34.0,Quetta Gladiators,0,-1.0,0.43902439024390244,0.6136363636363636,0.375,0.6,0.6,0.5,155.8695652173913
1211648,2020-02-23,2020,Gaddafi Stadium,Islamabad United,wickets 1,regular,Shadab Khan,REJ Martinesz,Rashid Riaz,182,6,7,57,47,Lahore Qalandars,183.0,9.0,9.0,51.0,34.0,Islamabad United,0,-1.0,0.2702702702702703,0.5652173913043478,0.25,0.0,0.6,0.0,146.45833333333334
1211649,2020-02-26,2020,Multan Cricket Stadium,Multan Sultans,wickets 6,regular,Sohail Tanvir,Asif Yaqoob,Faisal Afridi,123,10,6,48,10,Peshawar Zalmi,124.0,4.0,5.0,47.0,0.0,Multan Sultans,0,-1.0,0.5625,0.38095238095238093,0.5,0.4,0.4,0.5,159.86363636363637
1211650,2020-02-27,2020,Rawalpindi Cricket Stadium,Quetta Gladiators,wickets 5,regular,BCJ Cutting,REJ Martinesz,Tariq Rasheed,187,7,7,57,30,Islamabad United,190.0,5.0,9.0,50.0,46.0,Quetta Gladiators,0,-3.0,0.574468085106383,0.6222222222222222,0.4,0.6,0.8,0.5,148.86363636363637
1211652,2020-02-28,2020,Rawalpindi Cricket Stadium,Peshawar Zalmi,runs 16,regular,L Gregory,REJ Martinesz,Tariq Rasheed,132,7,4,86,0,Peshawar Zalmi,116.0,6.0,4.0,54.0,0.0,Lahore Qalandars,1,16.0,0.5510204081632653,0.2631578947368421,0.875,0.4,0.0,0.5,158.2608695652174
1211651,2020-02-28,2020,Multan Cricket Stadium,Multan Sultans,runs 52,regular,MM Ali,Shozab Raza,Faisal Afridi,186,6,7,48,39,Multan Sultans,134.0,10.0,2.0,55.0,4.0,Karachi Kings,1,52.0,0.4090909090909091,0.42857142857142855,0.0,0.6,0.4,1.0,151.75
1211653,2020-02-29,2020,Multan Cricket Stadium,Multan Sultans,runs 30,regular,RR Rossouw,Asif Yaqoob,Faisal Afridi,199,5,8,39,51,Multan Sultans,169.0,7.0,4.0,54.0,28.0,Quetta Gladiators,1,30.0,0.43478260869565216,0.6304347826086957,0.25,0.8,0.8,1.0,154.3846153846154
1211655,2020-03-01,2020,Rawalpindi Cricket Stadium,Karachi Kings,wickets 5,regular,AD Hales,REJ Martinesz,Tariq Rasheed,183,3,5,47,51,Islamabad United,187.0,5.0,3.0,64.0,34.0,Karachi Kings,0,-4.0,0.5625,0.4186046511627907,0.6666666666666666,0.4,0.2,0.0,150.52173913043478
1211656,2020-03-02,2020,Rawalpindi Cricket Stadium,Karachi Kings,wickets 6,regular,Mohammad Amir,REJ Martinesz,Tariq Rasheed,151,8,10,28,38,Peshawar Zalmi,152.0,4.0,5.0,55.0,17.0,Karachi Kings,0,-1.0,0.56,0.4318181818181818,0.7,0.4,0.4,1.0,157.16666666666666
1211657,2020-03-03,2020,Gaddafi Stadium,Lahore Qalandars,runs 37,regular,BR Dunk,Shozab Raza,Faisal Afridi,209,5,3,47,55,Lahore Qalandars,172.0,10.0,11.0,51.0,29.0,Quetta Gladiators,1,37.0,0.2564102564102564,0.6170212765957447,0.375,0.0,0.6,0.0,147.88
1211658,2020-03-04,2020,Gaddafi Stadium,Islamabad United,runs 71,regular,C Munro,Asif Yaqoob,Shozab Raza,198,3,7,50,53,Islamabad United,127.0,10.0,4.0,35.0,25.0,Lahore Qalandars,1,71.0,0.5510204081632653,0.275,0.6666666666666666,0.4,0.2,1.0,151.875
1211659,2020-03-05,2020,Rawalpindi Cricket Stadium,Peshawar Zalmi,runs 30,regular,Shoaib Malik,REJ Martinesz,Tariq Rasheed,170,6,7,45,0,Peshawar Zalmi,140.0,7.0,10.0,59.0,0.0,Quetta Gladiators,1,30.0,0.5490196078431373,0.6041666666666666,0.42857142857142855,0.4,0.4,0.5,156.92
1211660,2020-03-06,2020,Gaddafi Stadium,No result,no result,regular,,Shozab Raza,MA Gough,102,6,5,41,4,Multan Sultans,,,,,,,0,,0.4583333333333333,0.5,0.5,0.8,0.5,0.5,157.57142857142858
1211661,2020-03-07,2020,Rawalpindi Cricket Stadium,Peshawar Zalmi,runs 7,regular,Shadab Khan,Tariq Rasheed,Rashid Riaz,195,5,8,59,33,Islamabad United,85.0,2.0,5.0,61.0,0.0,Peshawar Zalmi,0,110.0,0.56,0.5576923076923077,0.5454545454545454,0.6,0.6,0.0,153.72
1211662,2020-03-07,2020,Gaddafi Stadium,Lahore Qalandars,wickets 8,regular,SR Patel,Asif Yaqoob,MA Gough,98,9,15,21,33,Quetta Gladiators,100.0,2.0,6.0,35.0,0.0,Lahore Qalandars,0,-2.0,0.5918367346938775,0.2682926829268293,0.5555555555555556,0.4,0.2,0.0,151.5
1211663,2020-03-08,2020,Rawalpindi Cricket Stadium,Multan Sultans,wickets 9,regular,JM Vince,REJ Martinesz,Tariq Rasheed,91,7,9,68,0,Islamabad United,94.0,1.0,3.0,84.0,0.0,Multan Sultans,0,-3.0,0.5490196078431373,0.44,0.6,0.4,0.6,0.0,155.30769230769232
1211664,2020-03-08,2020,Gaddafi Stadium,Lahore Qalandars,wickets 8,regular,BR Dunk,Shozab Raza,MA Gough,187,5,3,48,59,Karachi Kings,190.0,2.0,7.0,32.0,39.0,Lahore Qalandars,0,-3.0,0.4444444444444444,0.2857142857142857,0.625,0.6,0.4,0.0,155.875
1211665,2020-03-10,2020,Gaddafi Stadium,Lahore Qalandars,wickets 5,regular,Fakhar Zaman,MA Gough,Aleem Dar,187,7,8,42,39,Peshawar Zalmi,189.0,5.0,7.0,49.0,41.0,Lahore Qalandars,0,-2.0,0.5660377358490566,0.3023255813953488,0.8888888888888888,0.6,0.6,1.0,157.42307692307693
1211667,2020-03-12,2020,National Stadium,Karachi Kings,wickets 10,regular,Sharjeel Khan,MA Gough,Ahsan Raza,150,5,6,49,29,Lahore Qalandars,151.0,0.0,8.0,52.0,20.0,Karachi Kings,0,-1.0,0.3181818181818182,0.43478260869565216,0.3333333333333333,0.8,0.4,0.0,150.23076923076923
1211668,2020-03-13,2020,National Stadium,Multan Sultans,runs 3,regular,Zeeshan Ashraf,MA Gough,Rashid Riaz,154,6,6,39,37,Multan Sultans,151.0,8.0,15.0,32.0,30.0,Peshawar Zalmi,1,3.0,0.46153846153846156,0.5555555555555556,0.6,0.8,0.6,1.0,153.86666666666667
1211669,2020-03-14,2020,National Stadium,Karachi Kings,wickets 4,regular,Sharjeel Khan,MA Gough,Ahsan Raza,136,6,4,47,32,Islamabad United,137.0,6.0,13.0,60.0,31.0,Karachi Kings,0,-1.0,0.5384615384615384,0.44680851063829785,0.6153846153846154,0.2,0.6,0.6,152.92592592592592
1211670,2020-03-15,2020,Gaddafi Stadium,Lahore Qalandars,wickets 9,regular,CA Lynn,Shozab Raza,Aleem Dar,186,6,12,36,68,Multan Sultans,191.0,1.0,2.0,72.0,34.0,Lahore Qalandars,0,-5.0,0.48148148148148145,0.3111111111111111,0.6,0.8,0.6,0.3333333333333333,153.875
1211671,2020-03-15,2020,National Stadium,Quetta Gladiators,wickets 5,regular,SR Watson,MA Gough,Rashid Riaz,150,5,8,36,31,Karachi Kings,154.0,5.0,3.0,59.0,4.0,Quetta Gladiators,0,-4.0,0.4583333333333333,0.58,0.3333333333333333,0.8,0.2,0.5714285714285714,157.12
1211672,2020-11-14,2020,"National Stadium, Karachi",No result,tie,qualifier,Babar Azam,MA Gough,Rashid Riaz,141,7,4,38,46,Multan Sultans,141.0,8.0,4.0,46.0,25.0,Karachi Kings,0,0.0,0.4642857142857143,0.4489795918367347,0.25,0.6,0.6,0.5,155.76470588235293
1211673,2020-11-14,2020,National Stadium,Lahore Qalandars,wickets 5,eliminator,Mohammad Hafeez,Shozab Raza,Aleem Dar,170,9,3,38,41,Peshawar Zalmi,171.0,5.0,10.0,41.0,41.0,Lahore Qalandars,0,-1.0,0.5454545454545454,0.32608695652173914,0.8,0.4,0.8,0.375,158.5185185185185
1211675,2020-11-15,2020,National Stadium,Lahore Qalandars,runs 25,eliminator,D Wiese,MA Gough,Aleem Dar,182,6,5,54,59,Lahore Qalandars,157.0,10.0,6.0,63.0,33.0,Multan Sultans,1,25.0,0.3404255319148936,0.4482758620689655,0.5,0.8,0.4,0.25,150.22222222222223
1231146,2020-11-17,2020,National Stadium,Karachi Kings,wickets 5,final,Babar Azam,MA Gough,Aleem Dar,134,7,14,37,35,Lahore Qalandars,135.0,5.0,12.0,43.0,21.0,Karachi Kings,0,-1.0,0.3541666666666667,0.44,0.3,0.8,0.4,0.4,151.35714285714286
1247011,2021-02-20,2021,National Stadium,Karachi Kings,wickets 7,regular,Arshad Iqbal,Ahsan Raza,Aleem Dar,121,10,10,49,15,Quetta Gladiators,126.0,3.0,5.0,60.0,0.0,Karachi Kings,0,-5.0,0.5882352941176471,0.45098039215686275,0.7,0.2,0.6,0.7142857142857143,148.35294117647058
1247012,2021-02-21,2021,National Stadium,Lahore Qalandars,wickets 4,regular,Shaheen Shah Afridi,Rashid Riaz,Shozab Raza,140,6,9,36,41,Peshawar Zalmi,143.0,6.0,3.0,38.0,33.0,Lahore Qalandars,0,-3.0,0.5357142857142857,0.3469387755102041,0.7272727272727273,0.4,0.6,0.3333333333333333,158.92857142857142
1247013,2021-02-21,2021,National Stadium,Islamabad United,wickets 3,regular,L Gregory,Ahsan Raza,RK Illingworth,150,8,2,39,33,Multan Sultans,151.0,7.0,10.0,48.0,34.0,Islamabad United,0,-1.0,0.43333333333333335,0.5283018867924528,0.5,0.4,0.2,0.6666666666666666,154.94444444444446
1247014,2021-02-22,2021,National Stadium,Lahore Qalandars,wickets 9,regular,Fakhar Zaman,Aleem Dar,Asif Yaqoob,178,6,11,38,48,Quetta Gladiators,179.0,1.0,3.0,48.0,28.0,Lahore Qalandars,0,-1.0,0.5769230769230769,0.36,0.5,0.2,0.8,0.625,146.83333333333334
1247015,2021-02-23,2021,National Stadium,Peshawar Zalmi,wickets 6,regular,T Kohler-Cadmore,Aleem Dar,RK Illingworth,193,4,11,46,38,Multan Sultans,197.0,4.0,9.0,56.0,45.0,Peshawar Zalmi,0,-4.0,0.41935483870967744,0.5263157894736842,0.6666666666666666,0.2,0.2,0.5,154.68421052631578
1247016,2021-02-24,2021,National Stadium,Islamabad United,wickets 5,regular,AD Hales,Aleem Dar,Rashid Riaz,196,3,10,33,39,Karachi Kings,197.0,5.0,14.0,77.0,42.0,Islamabad United,0,-1.0,0.46153846153846156,0.5370370370370371,0.42857142857142855,0.6,0.4,0.6,156.84615384615384
1247017,2021-02-26,2021,National Stadium,Multan Sultans,wickets 7,regular,Mohammad Rizwan,Ahsan Raza,Faisal Afridi,157,6,7,25,36,Lahore Qalandars,159.0,3.0,16.0,58.0,8.0,Multan Sultans,0,-2.0,0.37254901960784315,0.40625,0.5714285714285714,0.8,0.0,0.5,150.75862068965517
1247018,2021-02-26,2021,National Stadium,Peshawar Zalmi,wickets 3,regular,Haider Ali,Asif Yaqoob,RK Illingworth,198,7,8,42,47,Quetta Gladiators,202.0,7.0,14.0,58.0,53.0,Peshawar Zalmi,0,-4.0,0.5660377358490566,0.5344827586206896,0.5333333333333333,0.2,0.2,0.5555555555555556,148.47368421052633
1247019,2021-02-27,2021,National Stadium,Karachi Kings,wickets 7,regular,Babar Azam,Rashid Riaz,RK Illingworth,195,6,22,72,31,Multan Sultans,198.0,3.0,8.0,68.0,31.0,Karachi Kings,0,-3.0,0.42424242424242425,0.4528301886792453,0.2,0.2,0.4,0.5,156.6
1247020,2021-02-27,2021,National Stadium,Peshawar Zalmi,wickets 6,regular,Wahab Riaz,Asif Yaqoob,Shozab Raza,118,10,3,47,2,Islamabad United,122.0,4.0,2.0,26.0,7.0,Peshawar Zalmi,0,-4.0,0.5454545454545454,0.5423728813559322,0.5,0.4,0.4,0.625,152.32142857142858
1247021,2021-02-28,2021,National Stadium,Lahore Qalandars,wickets 6,regular,Shaheen Shah Afridi,Ahsan Raza,RK Illingworth,186,9,13,53,24,Karachi Kings,189.0,4.0,3.0,46.0,45.0,Lahore Qalandars,0,-3.0,0.46296296296296297,0.36538461538461536,0.6363636363636364,0.6,0.6,0.5833333333333334,158.2962962962963
1247022,2021-03-02,2021,National Stadium,Islamabad United,wickets 6,regular,Faheem Ashraf,Ahsan Raza,Shozab Raza,156,7,16,41,24,Quetta Gladiators,157.0,4.0,6.0,76.0,14.0,Islamabad United,0,-1.0,0.5555555555555556,0.5357142857142857,0.6363636363636364,0.2,0.4,0.5,150.95
1247023,2021-03-03,2021,National Stadium,Karachi Kings,wickets 6,regular,Mohammad Nabi,Imran Javed,Rashid Riaz,188,5,16,39,68,Peshawar Zalmi,191.0,4.0,11.0,37.0,40.0,Karachi Kings,0,-3.0,0.55,0.45454545454545453,0.6363636363636364,0.6,0.6,0.46153846153846156,158.27586206896552
1247024,2021-03-03,2021,National Stadium,Quetta Gladiators,runs 22,regular,Qais Ahmad,Asif Yaqoob,Faisal Afridi,176,7,3,55,40,Quetta Gladiators,154.0,10.0,13.0,53.0,30.0,Multan Sultans,1,22.0,0.5454545454545454,0.4117647058823529,0.6,0.2,0.2,0.45454545454545453,151.1904761904762
1247027,2021-06-09,2021,"Sheikh Zayed Stadium, Abu Dhabi",Lahore Qalandars,wickets 5,regular,Rashid Khan,Aleem Dar,Rashid Riaz,143,9,11,43,42,Islamabad United,144.0,5.0,2.0,38.0,40.0,Lahore Qalandars,0,-1.0,0.543859649122807,0.37735849056603776,0.7,0.6,0.6,0.5,151.13793103448276
1247025,2021-06-10,2021,"Sheikh Zayed Stadium, Abu Dhabi",Multan Sultans,runs 12,regular,RR Rossouw,Aleem Dar,Shozab Raza,176,5,4,60,41,Multan Sultans,164.0,7.0,8.0,31.0,49.0,Karachi Kings,1,12.0,0.4,0.4642857142857143,0.16666666666666666,0.2,0.6,0.5,158.42857142857142
1247026,2021-06-10,2021,"Sheikh Zayed Stadium, Abu Dhabi",Lahore Qalandars,runs 10,regular,Rashid Khan,Asif Yaqoob,Rashid Riaz,170,8,10,18,60,Lahore Qalandars,160.0,8.0,6.0,33.0,45.0,Peshawar Zalmi,1,10.0,0.3888888888888889,0.5409836065573771,0.3333333333333333,0.8,0.6,1.0,150.96666666666667
1247028,2021-06-11,2021,"Sheikh Zayed Stadium, Abu Dhabi",Islamabad United,wickets 10,regular,C Munro,Aleem Dar,Shozab Raza,133,10,16,36,19,Quetta Gladiators,137.0,0.0,7.0,97.0,0.0,Islamabad United,0,-4.0,0.5535714285714286,0.5344827586206896,0.5833333333333334,0.2,0.6,0.5,152.3181818181818
1247030,2021-06-12,2021,"Sheikh Zayed Stadium, Abu Dhabi",Peshawar Zalmi,runs 61,regular,DA Miller,Ahsan Raza,Shozab Raza,197,5,10,22,47,Peshawar Zalmi,136.0,9.0,7.0,43.0,30.0,Quetta Gladiators,1,61.0,0.532258064516129,0.543859649122807,0.5,0.6,0.2,0.0,159.26666666666668
1247029,2021-06-13,2021,"Sheikh Zayed Stadium, Abu Dhabi",Islamabad United,runs 28,regular,Asif Ali,Asif Yaqoob,Shozab Raza,152,7,6,20,36,Islamabad United,124.0,10.0,5.0,55.0,20.0,Lahore Qalandars,1,28.0,0.5423728813559322,0.4,0.6363636363636364,0.6,0.8,0.5,150.86666666666667
1247031,2021-06-13,2021,"Sheikh Zayed Stadium, Abu Dhabi",Multan Sultans,wickets 8,regular,Shahnawaz Dhani,Ahsan Raza,Aleem Dar,166,7,14,52,48,Peshawar Zalmi,167.0,2.0,10.0,59.0,12.0,Multan Sultans,0,-1.0,0.5396825396825397,0.4166666666666667,0.42857142857142855,0.6,0.4,0.5,160.48387096774192
1247032,2021-06-14,2021,"Sheikh Zayed Stadium, Abu Dhabi",Islamabad United,wickets 8,regular,Iftikhar Ahmed,Asif Yaqoob,Rashid Riaz,190,4,6,56,45,Karachi Kings,191.0,2.0,19.0,43.0,33.0,Islamabad United,0,-1.0,0.45614035087719296,0.55,0.4,0.4,0.6,0.0,159.28571428571428
1247033,2021-06-15,2021,"Sheikh Zayed Stadium, Abu Dhabi",Quetta Gladiators,runs 18,regular,Usman Shinwari,Aleem Dar,Rashid Riaz,158,5,15,44,38,Quetta Gladiators,140.0,10.0,5.0,40.0,23.0,Lahore Qalandars,1,18.0,0.5344827586206896,0.39285714285714285,0.45454545454545453,0.2,0.6,0.0,151.47826086956522
1247034,2021-06-15,2021,"Sheikh Zayed Stadium, Abu Dhabi",Peshawar Zalmi,wickets 6,regular,Hazratullah,Ahsan Raza,Shozab Raza,108,9,8,33,35,Karachi Kings,109.0,4.0,17.0,76.0,0.0,Peshawar Zalmi,0,-1.0,0.4482758620689655,0.53125,0.4166666666666667,0.4,0.4,0.0,160.3448275862069
1247035,2021-06-16,2021,"Sheikh Zayed Stadium, Abu Dhabi",Multan Sultans,runs 110,regular,Shan Masood,Aleem Dar,Shozab Raza,183,5,13,50,49,Multan Sultans,73.0,10.0,3.0,36.0,0.0,Quetta Gladiators,1,110.0,0.43243243243243246,0.5423728813559322,0.3333333333333333,0.6,0.4,1.0,159.22727272727272
1247036,2021-06-17,2021,"Sheikh Zayed Stadium, Abu Dhabi",Islamabad United,runs 15,regular,UT Khawaja,Rashid Riaz,Shozab Raza,247,2,5,54,64,Islamabad United,232.0,6.0,13.0,55.0,48.0,Peshawar Zalmi,1,15.0,0.5573770491803278,0.5384615384615384,0.46153846153846156,0.8,0.4,0.75,150.90322580645162
1247037,2021-06-17,2021,"Sheikh Zayed Stadium, Abu Dhabi",Karachi Kings,runs 7,regular,Noor Ahmad,Ahsan Raza,Asif Yaqoob,176,5,10,43,44,Karachi Kings,169.0,7.0,8.0,49.0,56.0,Lahore Qalandars,1,7.0,0.4406779661016949,0.38596491228070173,0.5833333333333334,0.2,0.6,0.0,158.6
1247038,2021-06-18,2021,"Sheikh Zayed Stadium, Abu Dhabi",Multan Sultans,runs 80,regular,Shahnawaz Dhani,Aleem Dar,Shozab Raza,169,8,16,50,38,Multan Sultans,89.0,10.0,1.0,34.0,0.0,Lahore Qalandars,1,80.0,0.4473684210526316,0.3793103448275862,0.5,0.6,0.4,1.0,160.2608695652174
1247040,2021-06-19,2021,"Sheikh Zayed Stadium, Abu Dhabi",Islamabad United,wickets 4,regular,Mohammad Wasim,Aleem Dar,Rashid Riaz,149,10,10,61,16,Multan Sultans,150.0,6.0,6.0,54.0,17.0,Islamabad United,0,-1.0,0.46153846153846156,0.5645161290322581,0.42857142857142855,0.8,0.8,1.0,160.625
1247039,2021-06-19,2021,"Sheikh Zayed Stadium, Abu Dhabi",Karachi Kings,runs 14,regular,Danish Aziz,Asif Yaqoob,Shozab Raza,176,7,8,42,67,Karachi Kings,162.0,6.0,5.0,44.0,44.0,Quetta Gladiators,1,14.0,0.45,0.5333333333333333,0.36363636363636365,0.4,0.4,0.25,159.16129032258064
1247042,2021-06-21,2021,"Sheikh Zayed Stadium, Abu Dhabi",Peshawar Zalmi,wickets 5,eliminator,Hazratullah,Aleem Dar,Shozab Raza,175,7,10,41,48,Karachi Kings,176.0,5.0,10.0,55.0,33.0,Peshawar Zalmi,0,-1.0,0.45901639344262296,0.5303030303030303,0.38461538461538464,0.4,0.4,0.4,159.6875
1247041,2021-06-21,2021,"Sheikh Zayed Stadium, Abu Dhabi",Multan Sultans,runs 31,qualifier,Sohail Tanvir,Ahsan Raza,Rashid Riaz,180,5,1,44,48,Multan Sultans,149.0,10.0,4.0,38.0,24.0,Islamabad United,1,31.0,0.45,0.5714285714285714,0.375,0.8,1.0,0.8,160.16
1247043,2021-06-22,2021,"Sheikh Zayed Stadium, Abu Dhabi",Peshawar Zalmi,wickets 8,eliminator,Hazratullah,Aleem Dar,Asif Yaqoob,174,9,8,57,64,Islamabad United,177.0,2.0,16.0,48.0,15.0,Peshawar Zalmi,0,-3.0,0.5625,0.5373134328358209,0.5,0.8,0.6,0.7142857142857143,153.90625
1247044,2021-06-24,2021,"Sheikh Zayed Stadium, Abu Dhabi",Multan Sultans,runs 47,final,Sohaib Maqsood,Ahsan Raza,Aleem Dar,206,4,9,42,56,Multan Sultans,159.0,9.0,8.0,42.0,10.0,Peshawar Zalmi,1,47.0,0.4634146341463415,0.5441176470588235,0.625,0.8,0.6,0.8333333333333334,160.92307692307693
1293000,2022-01-27,2022,"National Stadium, Karachi",Multan Sultans,wickets 7,regular,Imran Tahir,Aleem Dar,RK Illingworth,124,5,6,41,21,Karachi Kings,126.0,3.0,4.0,44.0,17.0,Multan Sultans,0,-2.0,0.45161290322580644,0.47619047619047616,0.5714285714285714,0.4,0.8,0.0,160.15151515151516
1293001,2022-01-28,2022,"National Stadium, Karachi",Peshawar Zalmi,wickets 5,regular,WCF Smeed,Ahsan Raza,MA Gough,190,4,7,62,34,Quetta Gladiators,191.0,5.0,10.0,62.0,38.0,Peshawar Zalmi,0,-1.0,0.5245901639344263,0.5362318840579711,0.47058823529411764,0.2,0.6,0.5,151.75
1293002,2022-01-29,2022,"National Stadium, Karachi",Multan Sultans,wickets 5,regular,Shan Masood,Ahsan Raza,RK Illingworth,206,5,8,67,54,Lahore Qalandars,209.0,5.0,13.0,66.0,47.0,Multan Sultans,0,-3.0,0.3728813559322034,0.4883720930232558,0.4444444444444444,0.2,0.8,0.5,151.58064516129033
1293003,2022-01-29,2022,"National Stadium, Karachi",Quetta Gladiators,wickets 8,regular,Naseem Shah,MA Gough,Shozab Raza,113,10,2,33,13,Karachi Kings,114.0,2.0,9.0,51.0,0.0,Quetta Gladiators,0,-1.0,0.4444444444444444,0.5161290322580645,0.4166666666666667,0.4,0.2,0.0,159.08823529411765
1293004,2022-01-30,2022,"National Stadium, Karachi",Islamabad United,wickets 9,regular,PR Stirling,Ahsan Raza,Aleem Dar,168,6,14,35,46,Peshawar Zalmi,172.0,1.0,6.0,78.0,0.0,Islamabad United,0,-4.0,0.5428571428571428,0.5538461538461539,0.5333333333333333,0.6,0.6,1.0,160.65625
1293005,2022-01-30,2022,"National Stadium, Karachi",Lahore Qalandars,wickets 6,regular,Fakhar Zaman,MA Gough,RK Illingworth,170,7,11,48,33,Karachi Kings,174.0,4.0,4.0,52.0,44.0,Lahore Qalandars,0,-4.0,0.4375,0.36666666666666664,0.6153846153846154,0.4,0.0,0.0,157.77142857142857
1293006,2022-01-31,2022,"National Stadium, Karachi",Multan Sultans,runs 6,regular,Shan Masood,Ahsan Raza,Aleem Dar,174,4,8,46,50,Multan Sultans,168.0,10.0,10.0,48.0,43.0,Quetta Gladiators,1,6.0,0.5,0.5238095238095238,0.42857142857142855,0.8,0.4,0.6666666666666666,162.59259259259258
1293007,2022-02-01,2022,"National Stadium, Karachi",Multan Sultans,runs 20,regular,TH David,MA Gough,Shozab Raza,217,5,3,43,72,Multan Sultans,197.0,10.0,7.0,69.0,34.0,Islamabad United,1,20.0,0.5111111111111111,0.5606060606060606,0.4444444444444444,1.0,0.6,0.75,163.0
1293008,2022-02-02,2022,"National Stadium, Karachi",Lahore Qalandars,runs 29,regular,Zaman Khan,Aleem Dar,Shozab Raza,199,4,3,61,56,Lahore Qalandars,170.0,9.0,19.0,48.0,36.0,Peshawar Zalmi,1,29.0,0.3770491803278688,0.5352112676056338,0.38461538461538464,0.2,0.6,0.5,153.28125
1293009,2022-02-03,2022,"National Stadium, Karachi",Islamabad United,runs 43,regular,C Munro,Imtiaz Iqbal,RK Illingworth,229,4,3,81,46,Islamabad United,186.0,10.0,13.0,54.0,43.0,Quetta Gladiators,1,43.0,0.5522388059701493,0.515625,0.46153846153846156,0.4,0.2,0.5,154.5151515151515
1293010,2022-02-04,2022,"National Stadium, Karachi",Peshawar Zalmi,runs 9,regular,Shoaib Malik,Aleem Dar,Shozab Raza,173,4,10,53,47,Peshawar Zalmi,164.0,6.0,5.0,43.0,42.0,Karachi Kings,1,9.0,0.5277777777777778,0.4307692307692308,0.6428571428571429,0.4,0.2,0.3333333333333333,160.87878787878788
1293012,2022-02-05,2022,"National Stadium, Karachi",Multan Sultans,runs 57,regular,Mohammad Rizwan,RK Illingworth,Shozab Raza,222,3,8,61,62,Multan Sultans,165.0,8.0,6.0,57.0,46.0,Peshawar Zalmi,1,57.0,0.5217391304347826,0.5342465753424658,0.6666666666666666,1.0,0.4,0.8,164.86206896551724
1293011,2022-02-05,2022,"National Stadium, Karachi",Lahore Qalandars,runs 8,regular,Zaman Khan,MA Gough,Waleed Yaqub,174,9,8,73,47,Lahore Qalandars,166.0,5.0,5.0,52.0,28.0,Islamabad United,1,8.0,0.3870967741935484,0.5588235294117647,0.25,0.4,0.4,0.6666666666666666,154.66666666666666
1293013,2022-02-06,2022,"National Stadium, Karachi",Islamabad United,runs 42,regular,Shadab Khan,Ahsan Raza,RK Illingworth,177,6,8,53,42,Islamabad United,135.0,9.0,0.0,35.0,27.0,Karachi Kings,1,42.0,0.5507246376811594,0.42424242424242425,0.625,0.4,0.0,0.5,156.7058823529412
1293014,2022-02-07,2022,"National Stadium, Karachi",Quetta Gladiators,wickets 7,regular,JJ Roy,MA Gough,Shozab Raza,204,5,4,44,65,Lahore Qalandars,207.0,3.0,7.0,74.0,35.0,Quetta Gladiators,0,-3.0,0.3968253968253968,0.5076923076923077,0.5,0.6,0.2,0.75,155.23529411764707
1293015,2022-02-10,2022,"Gaddafi Stadium, Lahore",Multan Sultans,runs 42,regular,Shan Masood,Ahsan Raza,RK Illingworth,182,7,13,53,47,Multan Sultans,140.0,10.0,5.0,42.0,31.0,Peshawar Zalmi,1,42.0,0.5319148936170213,0.527027027027027,0.7,1.0,0.4,0.5,166.76666666666668
1293016,2022-02-11,2022,"Gaddafi Stadium, Lahore",Lahore Qalandars,runs 52,regular,Fakhar Zaman,Aleem Dar,MA Gough,182,4,6,56,52,Lahore Qalandars,130.0,10.0,12.0,38.0,20.0,Multan Sultans,1,52.0,0.390625,0.5416666666666666,0.4,0.6,1.0,0.5,156.62857142857143
1293017,2022-02-12,2022,"Gaddafi Stadium, Lahore",Quetta Gladiators,wickets 5,regular,Sarfraz Ahmed,Faisal Afridi,RK Illingworth,199,8,20,58,56,Islamabad United,203.0,5.0,12.0,72.0,60.0,Quetta Gladiators,0,-4.0,0.5571428571428572,0.5151515151515151,0.5,0.6,0.4,0.5,157.28571428571428
1293018,2022-02-13,2022,"Gaddafi Stadium, Lahore",Peshawar Zalmi,runs 55,regular,Mohammad Haris,Faisal Afridi,Rashid Riaz,193,6,15,51,51,Peshawar Zalmi,138.0,6.0,2.0,33.0,24.0,Karachi Kings,1,55.0,0.52,0.417910447761194,0.6666666666666666,0.2,0.0,0.0,161.23529411764707
1293019,2022-02-13,2022,"Gaddafi Stadium, Lahore",Lahore Qalandars,wickets 8,regular,Shaheen Shah Afridi,Asif Yaqoob,MA Gough,141,7,7,39,35,Quetta Gladiators,143.0,2.0,7.0,41.0,24.0,Lahore Qalandars,0,-2.0,0.5223880597014925,0.4,0.5384615384615384,0.6,0.8,1.0,153.28
1293020,2022-02-14,2022,"Gaddafi Stadium, Lahore",Islamabad United,runs 1,regular,Asif Ali,Asif Yaqoob,RK Illingworth,191,7,12,47,49,Islamabad United,190.0,8.0,7.0,49.0,53.0,Karachi Kings,1,1.0,0.5492957746478874,0.4117647058823529,0.6470588235294118,0.4,0.0,0.0,158.44444444444446
1293021,2022-02-15,2022,"Gaddafi Stadium, Lahore",Peshawar Zalmi,runs 24,regular,Hussain Talat,MA Gough,Rashid Riaz,185,7,9,53,51,Peshawar Zalmi,161.0,8.0,6.0,50.0,35.0,Quetta Gladiators,1,24.0,0.5263157894736842,0.5147058823529411,0.5555555555555556,0.4,0.4,0.5,162.14285714285714
1293022,2022-02-16,2022,"Gaddafi Stadium, Lahore",Multan Sultans,wickets 7,regular,Mohammad Rizwan,Asif Yaqoob,RK Illingworth,174,6,9,40,45,Karachi Kings,176.0,3.0,7.0,44.0,53.0,Multan Sultans,0,-2.0,0.4057971014492754,0.5306122448979592,0.5,0.0,0.8,0.0,158.11111111111111
1293023,2022-02-17,2022,"Gaddafi Stadium, Lahore",Peshawar Zalmi,runs 10,regular,Mohammad Haris,Ahsan Raza,RK Illingworth,206,8,11,74,36,Peshawar Zalmi,196.0,7.0,7.0,68.0,33.0,Islamabad United,1,10.0,0.5324675324675324,0.5555555555555556,0.5,0.6,0.6,0.6666666666666666,162.77777777777777
1293024,2022-02-18,2022,"Gaddafi Stadium, Lahore",Multan Sultans,runs 117,regular,RR Rossouw,Aleem Dar,Rashid Riaz,245,3,24,64,61,Multan Sultans,128.0,10.0,2.0,66.0,0.0,Quetta Gladiators,1,117.0,0.54,0.5072463768115942,0.5,0.8,0.4,0.6666666666666666,167.25806451612902
1293025,2022-02-18,2022,"Gaddafi Stadium, Lahore",Karachi Kings,runs 22,regular,Mir Hamza,Asif Yaqoob,MA Gough,149,10,11,47,32,Karachi Kings,127.0,9.0,5.0,31.0,32.0,Lahore Qalandars,1,22.0,0.4,0.4090909090909091,0.5714285714285714,0.0,0.8,0.0,158.54054054054055
1293026,2022-02-19,2022,"Gaddafi Stadium, Lahore",Lahore Qalandars,runs 66,regular,HC Brook,Rashid Riaz,RK Illingworth,197,6,8,48,51,Lahore Qalandars,131.0,9.0,5.0,59.0,17.0,Islamabad United,1,66.0,0.40298507462686567,0.547945205479452,0.3076923076923077,0.6,0.4,0.6666666666666666,157.33333333333334
1293027,2022-02-20,2022,"Gaddafi Stadium, Lahore",Quetta Gladiators,runs 23,regular,Khurram Shahzad,Aleem Dar,Asif Yaqoob,166,4,19,46,41,Quetta Gladiators,143.0,8.0,6.0,51.0,22.0,Karachi Kings,1,23.0,0.5,0.4084507042253521,0.6153846153846154,0.4,0.2,0.25,152.80769230769232
1293028,2022-02-20,2022,"Gaddafi Stadium, Lahore",Multan Sultans,wickets 6,regular,Imran Tahir,MA Gough,Rashid Riaz,105,7,6,41,30,Islamabad United,111.0,4.0,5.0,31.0,20.0,Multan Sultans,0,-6.0,0.5405405405405406,0.5490196078431373,0.5,0.4,0.8,0.25,159.32432432432432
1293029,2022-02-21,2022,"Gaddafi Stadium, Lahore",No result,tie,regular,Wahab Riaz,Asif Yaqoob,RK Illingworth,158,7,11,51,32,Peshawar Zalmi,158.0,8.0,9.0,53.0,49.0,Lahore Qalandars,0,0.0,0.5384615384615384,0.4117647058823529,0.5714285714285714,0.6,0.6,0.75,163.94594594594594
1293030,2022-02-23,2022,"Gaddafi Stadium, Lahore",Multan Sultans,runs 28,qualifier,Shahnawaz Dhani,Aleem Dar,RK Illingworth,163,2,10,45,43,Multan Sultans,135.0,9.0,6.0,38.0,23.0,Lahore Qalandars,1,28.0,0.5576923076923077,0.4057971014492754,0.5454545454545454,0.8,0.6,0.8,169.6875
1293031,2022-02-24,2022,"Gaddafi Stadium, Lahore",Islamabad United,wickets 5,eliminator,Faheem Ashraf,Aleem Dar,MA Gough,169,5,5,46,41,Peshawar Zalmi,170.0,5.0,11.0,53.0,46.0,Islamabad United,0,-1.0,0.5316455696202531,0.5333333333333333,0.5294117647058824,0.6,0.2,0.6,163.78947368421052
1293032,2022-02-25,2022,"Gaddafi Stadium, Lahore",Lahore Qalandars,runs 6,eliminator,D Wiese,MA Gough,RK Illingworth,168,7,4,36,48,Lahore Qalandars,162.0,10.0,9.0,47.0,28.0,Islamabad United,1,6.0,0.4,0.5394736842105263,0.35714285714285715,0.4,0.4,0.5,158.40540540540542
1293033,2022-02-27,2022,"Gaddafi Stadium, Lahore",Lahore Qalandars,runs 42,final,Mohammad Hafeez,Aleem Dar,RK Illingworth,180,5,3,41,67,Lahore Qalandars,138.0,10.0,8.0,45.0,24.0,Multan Sultans,1,42.0,0.4084507042253521,0.5660377358490566,0.4166666666666667,0.4,0.8,0.5714285714285714,158.6578947368421
1354924,2023-02-13,2023,Multan Cricket Stadium,Lahore Qalandars,runs 1,regular,Fakhar Zaman,Asif Yaqoob,MJ Saggers,175,6,11,50,45,Lahore Qalandars,174.0,6.0,7.0,53.0,40.0,Multan Sultans,1,1.0,0.4166666666666667,0.5555555555555556,0.46153846153846156,0.6,0.8,0.5,159.2051282051282
1354925,2023-02-14,2023,"National Stadium, Karachi",Peshawar Zalmi,runs 2,regular,T Kohler-Cadmore,Ahsan Raza,AG Wharf,199,5,5,58,37,Peshawar Zalmi,197.0,5.0,14.0,46.0,50.0,Karachi Kings,1,2.0,0.525,0.4027777777777778,0.6875,0.6,0.2,0.4,163.92307692307693
1354926,2023-02-15,2023,Multan Cricket Stadium,Multan Sultans,wickets 9,regular,Ihsanullah,Asif Yaqoob,Faisal Afridi,110,10,7,38,24,Quetta Gladiators,111.0,1.0,2.0,45.0,0.0,Multan Sultans,0,-1.0,0.5070422535211268,0.5454545454545454,0.4444444444444444,0.4,0.6,0.0,153.2962962962963
1354927,2023-02-16,2023,"National Stadium, Karachi",Islamabad United,wickets 4,regular,C Munro,AG Wharf,RSA Palliyaguruge,173,7,8,55,47,Karachi Kings,178.0,6.0,8.0,45.0,27.0,Islamabad United,0,-5.0,0.3972602739726027,0.5324675324675324,0.3333333333333333,0.2,0.2,0.0,158.28947368421052
1354928,2023-02-17,2023,Multan Cricket Stadium,Multan Sultans,runs 56,regular,RR Rossouw,Asif Yaqoob,Faisal Afridi,210,3,11,50,56,Multan Sultans,154.0,10.0,6.0,61.0,12.0,Peshawar Zalmi,1,56.0,0.5535714285714286,0.5308641975308642,0.7272727272727273,0.6,0.6,0.8,169.4848484848485
1354929,2023-02-18,2023,"National Stadium, Karachi",Quetta Gladiators,runs 6,regular,MJ Guptill,Ahsan Raza,AG Wharf,168,7,6,23,65,Quetta Gladiators,162.0,5.0,12.0,45.0,46.0,Karachi Kings,1,6.0,0.5,0.3918918918918919,0.6428571428571429,0.2,0.2,0.4,151.75
1354930,2023-02-19,2023,Multan Cricket Stadium,Multan Sultans,runs 52,regular,Abbas Afridi,Asif Yaqoob,Faisal Afridi,190,4,14,51,50,Multan Sultans,138.0,10.0,4.0,55.0,11.0,Islamabad United,1,52.0,0.5614035087719298,0.5384615384615384,0.5454545454545454,0.6,0.4,0.8333333333333334,170.6764705882353
1354931,2023-02-19,2023,"National Stadium, Karachi",Karachi Kings,runs 67,regular,Imad Wasim,Ahsan Raza,AG Wharf,185,5,19,61,44,Karachi Kings,118.0,10.0,4.0,47.0,12.0,Lahore Qalandars,1,67.0,0.38666666666666666,0.4246575342465753,0.6,0.2,0.6,0.0,158.66666666666666
1354932,2023-02-20,2023,"National Stadium, Karachi",Peshawar Zalmi,wickets 4,regular,JDS Neesham,AG Wharf,RSA Palliyaguruge,154,4,12,28,56,Quetta Gladiators,157.0,6.0,11.0,53.0,21.0,Peshawar Zalmi,0,-3.0,0.5068493150684932,0.524390243902439,0.42105263157894735,0.4,0.4,0.5,152.31034482758622
1354933,2023-02-21,2023,"National Stadium, Karachi",Lahore Qalandars,runs 63,regular,Shaheen Shah Afridi,AG Wharf,RSA Palliyaguruge,198,6,7,65,40,Lahore Qalandars,135.0,8.0,4.0,49.0,26.0,Quetta Gladiators,1,63.0,0.4189189189189189,0.5,0.5,0.6,0.4,0.5,159.6
1354934,2023-02-22,2023,Multan Cricket Stadium,Multan Sultans,runs 3,regular,Mohammad Rizwan,MJ Saggers,Shozab Raza,196,2,4,50,58,Multan Sultans,193.0,5.0,14.0,72.0,53.0,Karachi Kings,1,3.0,0.5689655172413793,0.39473684210526316,0.4444444444444444,0.6,0.2,0.8571428571428571,171.22857142857143
1354935,2023-02-23,2023,"National Stadium, Karachi",Islamabad United,wickets 6,regular,Hasan Ali,MA Gough,RK Illingworth,156,8,3,69,28,Peshawar Zalmi,159.0,4.0,5.0,80.0,0.0,Islamabad United,0,-3.0,0.5301204819277109,0.5316455696202531,0.5,0.4,0.4,0.5714285714285714,164.8
1354936,2023-02-24,2023,"National Stadium, Karachi",Islamabad United,runs 63,regular,Azam Khan,MA Gough,Rashid Riaz,220,6,5,39,73,Islamabad United,157.0,10.0,5.0,61.0,26.0,Quetta Gladiators,1,63.0,0.5375,0.49333333333333335,0.4666666666666667,0.6,0.4,0.7142857142857143,157.89473684210526
1354937,2023-02-26,2023,"National Stadium, Karachi",Karachi Kings,runs 66,regular,T Shamsi,Ahsan Raza,AG Wharf,167,3,5,52,32,Karachi Kings,101.0,10.0,2.0,49.0,0.0,Multan Sultans,1,66.0,0.38961038961038963,0.576271186440678,0.4,0.2,0.8,0.1,159.325
1354938,2023-02-26,2023,"Gaddafi Stadium, Lahore",Lahore Qalandars,runs 40,regular,Fakhar Zaman,Faisal Afridi,RK Illingworth,241,3,10,36,64,Lahore Qalandars,201.0,9.0,14.0,63.0,30.0,Peshawar Zalmi,1,40.0,0.4266666666666667,0.5238095238095238,0.4,0.8,0.4,0.625,160.53658536585365
1354939,2023-02-27,2023,"Gaddafi Stadium, Lahore",Lahore Qalandars,runs 110,regular,D Wiese,Faisal Afridi,MA Gough,200,7,7,57,51,Lahore Qalandars,90.0,10.0,17.0,56.0,0.0,Islamabad United,1,110.0,0.4342105263157895,0.5432098765432098,0.4,0.8,0.6,0.6666666666666666,162.45238095238096
1354940,2023-03-01,2023,Rawalpindi Cricket Stadium,Peshawar Zalmi,runs 24,regular,R Powell,MA Gough,RK Illingworth,197,5,13,41,65,Peshawar Zalmi,173.0,8.0,7.0,55.0,49.0,Karachi Kings,1,24.0,0.5176470588235295,0.3974358974358974,0.7058823529411765,0.4,0.4,0.75,164.58536585365854
1354941,2023-03-02,2023,"Gaddafi Stadium, Lahore",Lahore Qalandars,runs 17,regular,Sikandar Raza,Ahsan Raza,MJ Saggers,148,10,9,29,29,Lahore Qalandars,131.0,7.0,12.0,53.0,26.0,Quetta Gladiators,1,17.0,0.44155844155844154,0.4868421052631579,0.5333333333333333,0.8,0.2,0.7,163.32558139534885
1354942,2023-03-03,2023,Rawalpindi Cricket Stadium,Islamabad United,wickets 6,regular,Azam Khan,MA Gough,RK Illingworth,201,5,7,61,52,Karachi Kings,204.0,4.0,14.0,62.0,44.0,Islamabad United,0,-3.0,0.3924050632911392,0.5365853658536586,0.3157894736842105,0.4,0.6,0.6666666666666666,159.5121951219512
1354943,2023-03-04,2023,"Gaddafi Stadium, Lahore",Lahore Qalandars,runs 21,regular,Rashid Khan,Faisal Afridi,MJ Saggers,180,9,14,56,31,Lahore Qalandars,159.0,7.0,10.0,44.0,49.0,Multan Sultans,1,21.0,0.44871794871794873,0.5666666666666667,0.5,0.8,0.8,0.7272727272727273,162.97727272727272
1354944,2023-03-05,2023,Rawalpindi Cricket Stadium,Islamabad United,wickets 2,regular,Fazalhaq Farooqi,Aleem Dar,Rashid Riaz,179,6,11,19,58,Quetta Gladiators,183.0,8.0,14.0,77.0,43.0,Islamabad United,0,-4.0,0.4805194805194805,0.5421686746987951,0.5,0.2,0.6,0.5,152.36666666666667
1354945,2023-03-06,2023,Rawalpindi Cricket Stadium,Quetta Gladiators,wickets 4,regular,MJ Guptill,MJ Saggers,Rashid Riaz,164,6,9,53,41,Karachi Kings,168.0,6.0,6.0,43.0,60.0,Quetta Gladiators,0,-4.0,0.3875,0.47435897435897434,0.3333333333333333,0.4,0.0,0.5,160.5
1354947,2023-03-07,2023,Rawalpindi Cricket Stadium,Islamabad United,wickets 2,regular,Faheem Ashraf,Faisal Afridi,Rashid Riaz,205,5,10,57,32,Multan Sultans,209.0,8.0,16.0,54.0,60.0,Islamabad United,0,-4.0,0.5573770491803278,0.5476190476190477,0.5833333333333334,0.6,0.8,1.0,171.91666666666666
1354946,2023-03-07,2023,Rawalpindi Cricket Stadium,Peshawar Zalmi,runs 35,regular,Saim Ayub,AG Wharf,Asif Yaqoob,207,10,16,67,36,Peshawar Zalmi,172.0,10.0,13.0,24.0,41.0,Lahore Qalandars,1,35.0,0.5232558139534884,0.45569620253164556,0.5,0.4,1.0,0.8,165.35714285714286
1354948,2023-03-08,2023,Rawalpindi Cricket Stadium,Quetta Gladiators,wickets 8,regular,JJ Roy,Ahsan Raza,MJ Saggers,240,2,9,67,52,Peshawar Zalmi,243.0,2.0,10.0,88.0,42.0,Quetta Gladiators,0,-3.0,0.5287356321839081,0.4810126582278481,0.6,0.6,0.2,0.8333333333333334,166.32558139534885
1354949,2023-03-09,2023,Rawalpindi Cricket Stadium,Lahore Qalandars,runs 119,regular,Fakhar Zaman,Aleem Dar,Faisal Afridi,226,5,15,65,52,Lahore Qalandars,107.0,9.0,11.0,50.0,0.0,Islamabad United,1,119.0,0.45,0.5529411764705883,0.4375,0.8,0.8,0.0,163.35555555555555
1354950,2023-03-10,2023,Rawalpindi Cricket Stadium,Multan Sultans,wickets 4,regular,RR Rossouw,Ahsan Raza,MJ Saggers,242,6,6,64,60,Peshawar Zalmi,244.0,6.0,4.0,66.0,42.0,Multan Sultans,0,-2.0,0.5227272727272727,0.5483870967741935,0.25,0.4,0.4,0.7142857142857143,168.0
1354951,2023-03-11,2023,Rawalpindi Cricket Stadium,Multan Sultans,runs 9,regular,Abbas Afridi,AG Wharf,MJ Saggers,262,3,6,91,49,Multan Sultans,253.0,8.0,11.0,75.0,58.0,Quetta Gladiators,1,9.0,0.5555555555555556,0.4875,0.6,0.4,0.4,0.6666666666666666,172.8108108108108
1354953,2023-03-12,2023,"Gaddafi Stadium, Lahore",Karachi Kings,runs 86,regular,Muhammad Akhlaq,Aleem Dar,Rashid Riaz,196,7,6,68,51,Karachi Kings,110.0,10.0,5.0,31.0,22.0,Lahore Qalandars,1,86.0,0.38271604938271603,0.4567901234567901,0.625,0.2,0.8,0.2,160.58139534883722
1354952,2023-03-12,2023,Rawalpindi Cricket Stadium,Peshawar Zalmi,runs 13,regular,Mohammad Haris,Ahsan Raza,MJ Saggers,179,8,8,69,20,Peshawar Zalmi,166.0,10.0,6.0,40.0,47.0,Islamabad United,1,13.0,0.5168539325842697,0.5465116279069767,0.47368421052631576,0.4,0.6,0.625,169.64444444444445
1354954,2023-03-15,2023,"Gaddafi Stadium, Lahore",Multan Sultans,runs 84,qualifier,KA Pollard,Aleem Dar,AG Wharf,160,5,5,46,50,Multan Sultans,76.0,10.0,11.0,33.0,0.0,Lahore Qalandars,1,84.0,0.5625,0.45121951219512196,0.4666666666666667,0.4,0.6,0.625,175.1578947368421
1354955,2023-03-16,2023,"Gaddafi Stadium, Lahore",Peshawar Zalmi,runs 12,eliminator,Aamer Jamal,Ahsan Raza,Faisal Afridi,183,8,18,77,32,Peshawar Zalmi,171.0,6.0,7.0,67.0,34.0,Islamabad United,1,12.0,0.5222222222222223,0.5402298850574713,0.5,0.6,0.6,0.42857142857142855,169.84782608695653
1354956,2023-03-17,2023,"Gaddafi Stadium, Lahore",Lahore Qalandars,wickets 4,eliminator,Mirza Baig,Ahsan Raza,MJ Saggers,171,5,4,54,38,Peshawar Zalmi,176.0,6.0,19.0,50.0,30.0,Lahore Qalandars,0,-5.0,0.5274725274725275,0.4457831325301205,0.5294117647058824,0.6,0.4,0.5,170.12765957446808
1354957,2023-03-18,2023,"Gaddafi Stadium, Lahore",Lahore Qalandars,runs 1,final,Shaheen Shah Afridi,AG Wharf,Rashid Riaz,200,6,10,43,71,Lahore Qalandars,199.0,8.0,13.0,72.0,47.0,Multan Sultans,1,1.0,0.4523809523809524,0.5692307692307692,0.5,0.4,0.6,0.6666666666666666,164.7173913043478
1416472,2024-02-17,2024,"Gaddafi Stadium, Lahore",Islamabad United,wickets 8,regular,Shadab Khan,Aleem Dar,MA Gough,195,5,12,66,45,Lahore Qalandars,200.0,2.0,21.0,50.0,36.0,Islamabad United,0,-5.0,0.4588235294117647,0.5340909090909091,0.47058823529411764,0.6,0.4,0.6875,165.46808510638297
1416473,2024-02-18,2024,"Gaddafi Stadium, Lahore",Quetta Gladiators,runs 16,regular,Saud Shakeel,MA Gough,Tariq Rasheed,206,5,13,70,38,Quetta Gladiators,190.0,6.0,18.0,70.0,39.0,Peshawar Zalmi,1,16.0,0.48148148148148145,0.5217391304347826,0.42857142857142855,0.4,0.4,0.3333333333333333,153.2258064516129
1416474,2024-02-18,2024,Multan Cricket Stadium,Multan Sultans,runs 55,regular,RR Hendricks,CB Gaffaney,Rashid Riaz,185,2,15,53,47,Multan Sultans,130.0,8.0,7.0,36.0,28.0,Karachi Kings,1,55.0,0.5606060606060606,0.3902439024390244,0.45454545454545453,0.6,0.4,0.875,174.76923076923077
1416475,2024-02-19,2024,"Gaddafi Stadium, Lahore",Quetta Gladiators,wickets 5,regular,Khawaja Nafay,Aleem Dar,MA Gough,187,7,10,43,47,Lahore Qalandars,188.0,5.0,12.0,61.0,31.0,Quetta Gladiators,0,-1.0,0.45348837209302323,0.4878048780487805,0.5625,0.4,0.6,0.6470588235294118,166.08333333333334
1416476,2024-02-20,2024,Multan Cricket Stadium,Multan Sultans,wickets 5,regular,Mohammad Ali,CB Gaffaney,Faisal Afridi,144,10,14,32,21,Islamabad United,145.0,5.0,8.0,44.0,39.0,Multan Sultans,0,-1.0,0.5393258426966292,0.5671641791044776,0.46153846153846156,0.4,0.8,0.0,159.48717948717947
1416477,2024-02-21,2024,"Gaddafi Stadium, Lahore",Karachi Kings,wickets 7,regular,Mir Hamza,Ahsan Raza,MA Gough,154,10,3,42,19,Peshawar Zalmi,157.0,3.0,5.0,48.0,11.0,Karachi Kings,0,-3.0,0.5161290322580645,0.3855421686746988,0.7222222222222222,0.4,0.2,0.4,170.14583333333334
1416478,2024-02-21,2024,Multan Cricket Stadium,Multan Sultans,wickets 5,regular,Mohammad Rizwan,CB Gaffaney,Rashid Riaz,166,5,9,49,44,Lahore Qalandars,170.0,5.0,12.0,38.0,49.0,Multan Sultans,0,-4.0,0.4482758620689655,0.5735294117647058,0.5294117647058824,0.4,0.8,1.0,166.51020408163265
1416479,2024-02-22,2024,"Gaddafi Stadium, Lahore",Quetta Gladiators,wickets 3,regular,RR Rossouw,Aleem Dar,RK Illingworth,138,9,11,60,27,Islamabad United,139.0,7.0,7.0,51.0,23.0,Quetta Gladiators,0,-1.0,0.5333333333333333,0.4939759036144578,0.5294117647058824,0.2,0.8,0.3,159.1
1416480,2024-02-23,2024,Multan Cricket Stadium,Peshawar Zalmi,runs 5,regular,L Wood,CB Gaffaney,Faisal Afridi,179,8,9,46,40,Peshawar Zalmi,174.0,10.0,6.0,38.0,44.0,Multan Sultans,1,5.0,0.5106382978723404,0.5797101449275363,0.23076923076923078,0.4,0.8,0.0,169.81632653061226
1416481,2024-02-24,2024,"Gaddafi Stadium, Lahore",Karachi Kings,wickets 2,regular,KA Pollard,Ahsan Raza,RK Illingworth,175,6,4,32,52,Lahore Qalandars,176.0,8.0,10.0,44.0,37.0,Karachi Kings,0,-1.0,0.4431818181818182,0.39285714285714285,0.29411764705882354,0.4,0.4,0.6111111111111112,166.5
1416482,2024-02-25,2024,Multan Cricket Stadium,Multan Sultans,runs 13,regular,Mohammad Ali,CB Gaffaney,Faisal Afridi,180,4,7,53,58,Multan Sultans,167.0,9.0,8.0,48.0,36.0,Quetta Gladiators,1,13.0,0.5714285714285714,0.5,0.6363636363636364,0.6,0.8,0.8333333333333334,175.025
1416483,2024-02-25,2024,"Gaddafi Stadium, Lahore",Peshawar Zalmi,runs 8,regular,Saim Ayub,Ahsan Raza,RK Illingworth,211,4,9,57,46,Peshawar Zalmi,203.0,6.0,11.0,56.0,51.0,Lahore Qalandars,1,8.0,0.5157894736842106,0.43820224719101125,0.5,0.4,0.2,0.36363636363636365,170.0
1416484,2024-02-26,2024,"Gaddafi Stadium, Lahore",Peshawar Zalmi,runs 8,regular,Babar Azam,RK Illingworth,Shozab Raza,201,5,6,65,64,Peshawar Zalmi,193.0,9.0,3.0,45.0,34.0,Islamabad United,1,8.0,0.5208333333333334,0.5274725274725275,0.5238095238095238,0.4,0.2,0.4166666666666667,170.80392156862746
1416485,2024-02-27,2024,"Gaddafi Stadium, Lahore",Multan Sultans,runs 60,regular,Usman Khan,Ahsan Raza,RSA Palliyaguruge,214,4,14,53,54,Multan Sultans,154.0,10.0,4.0,55.0,8.0,Lahore Qalandars,1,60.0,0.5774647887323944,0.43333333333333335,0.5,0.8,0.0,0.6,175.14634146341464
1416486,2024-02-28,2024,"National Stadium, Karachi",Islamabad United,wickets 7,regular,,CB Gaffaney,Rashid Riaz,165,5,19,46,62,Karachi Kings,169.0,3.0,5.0,58.0,22.0,Islamabad United,0,-4.0,0.4,0.5217391304347826,0.3,0.6,0.2,0.18181818181818182,161.38636363636363
1416487,2024-02-29,2024,"National Stadium, Karachi",Quetta Gladiators,wickets 5,regular,SE Rutherford,Abdul Muqeet,CB Gaffaney,165,8,7,61,31,Karachi Kings,169.0,5.0,2.0,57.0,47.0,Quetta Gladiators,0,-4.0,0.3953488372093023,0.49411764705882355,0.3125,0.6,0.6,0.16666666666666666,161.46666666666667
1416490,2024-03-03,2024,"National Stadium, Karachi",Multan Sultans,runs 20,regular,Usman Khan,Faisal Afridi,Rashid Riaz,189,3,2,50,37,Multan Sultans,169.0,7.0,4.0,53.0,46.0,Karachi Kings,1,20.0,0.5833333333333334,0.39080459770114945,0.5,0.8,0.4,0.7142857142857143,176.07142857142858
1416491,2024-03-04,2024,Rawalpindi Cricket Stadium,Islamabad United,runs 29,regular,Shadab Khan,Asif Yaqoob,RK Illingworth,196,4,9,46,41,Islamabad United,167.0,9.0,19.0,18.0,42.0,Peshawar Zalmi,1,29.0,0.5268817204301075,0.5257731958762887,0.45454545454545453,0.4,0.6,0.3333333333333333,158.58536585365854
1416492,2024-03-05,2024,Rawalpindi Cricket Stadium,Peshawar Zalmi,runs 4,regular,Babar Azam,AG Wharf,RK Illingworth,204,5,12,71,45,Peshawar Zalmi,200.0,5.0,17.0,40.0,66.0,Multan Sultans,1,4.0,0.5204081632653061,0.589041095890411,0.2857142857142857,0.6,0.8,0.6,171.3846153846154
1416494,2024-03-06,2024,Rawalpindi Cricket Stadium,Lahore Qalandars,runs 17,regular,HE van der Dussen,Ahsan Raza,AG Wharf,162,7,7,26,47,Lahore Qalandars,145.0,10.0,6.0,36.0,30.0,Islamabad United,1,17.0,0.42857142857142855,0.5319148936170213,0.4444444444444444,0.0,0.4,0.3333333333333333,166.66666666666666
1416493,2024-03-06,2024,Rawalpindi Cricket Stadium,Karachi Kings,wickets 7,regular,Hasan Ali,Asif Yaqoob,RK Illingworth,118,10,4,53,16,Quetta Gladiators,121.0,3.0,7.0,49.0,0.0,Karachi Kings,0,-3.0,0.5,0.38636363636363635,0.7058823529411765,0.8,0.4,0.5,154.875
1416495,2024-03-07,2024,Rawalpindi Cricket Stadium,Islamabad United,wickets 5,regular,Faheem Ashraf,AG Wharf,RSA Palliyaguruge,150,7,16,38,32,Karachi Kings,151.0,5.0,10.0,47.0,23.0,Islamabad United,0,-1.0,0.39325842696629215,0.5263157894736842,0.2857142857142857,0.4,0.4,0.5,161.54347826086956
1416496,2024-03-08,2024,Rawalpindi Cricket Stadium,Peshawar Zalmi,runs 76,regular,Saim Ayub,AG Wharf,Asif Yaqoob,196,8,11,70,39,Peshawar Zalmi,120.0,10.0,9.0,56.0,7.0,Quetta Gladiators,1,76.0,0.5252525252525253,0.4942528735632184,0.5454545454545454,0.8,0.6,0.6363636363636364,172.0
1416497,2024-03-09,2024,"National Stadium, Karachi",Karachi Kings,wickets 3,regular,Irfan Khan,Rashid Riaz,RK Illingworth,177,5,8,44,52,Lahore Qalandars,179.0,7.0,7.0,58.0,46.0,Karachi Kings,0,-2.0,0.43478260869565216,0.3888888888888889,0.2777777777777778,0.2,0.2,0.5714285714285714,166.57692307692307
1416498,2024-03-10,2024,Rawalpindi Cricket Stadium,Islamabad United,wickets 3,regular,C Munro,Mohammad Asif,RSA Palliyaguruge,228,4,5,58,47,Multan Sultans,232.0,7.0,19.0,65.0,51.0,Islamabad United,0,-4.0,0.581081081081081,0.53125,0.5714285714285714,0.6,0.6,0.6,176.37209302325581
1416499,2024-03-10,2024,"National Stadium, Karachi",Quetta Gladiators,wickets 6,regular,Saud Shakeel,CB Gaffaney,Rashid Riaz,166,4,4,39,38,Lahore Qalandars,169.0,4.0,10.0,43.0,47.0,Quetta Gladiators,0,-3.0,0.43010752688172044,0.48863636363636365,0.5294117647058824,0.2,0.4,0.5,166.77358490566039
1416500,2024-03-11,2024,"National Stadium, Karachi",Peshawar Zalmi,runs 2,regular,Babar Azam,AG Wharf,Faisal Afridi,147,6,16,54,40,Peshawar Zalmi,145.0,5.0,7.0,44.0,39.0,Karachi Kings,1,2.0,0.53,0.3956043956043956,0.6842105263157895,0.8,0.4,0.5,172.44444444444446
1416501,2024-03-12,2024,"National Stadium, Karachi",Multan Sultans,runs 79,regular,Mohammad Rizwan,Rashid Riaz,RK Illingworth,185,4,7,43,53,Multan Sultans,106.0,10.0,5.0,46.0,0.0,Quetta Gladiators,1,79.0,0.5733333333333334,0.4943820224719101,0.6666666666666666,0.6,0.4,0.75,177.54545454545453
1416502,2024-03-14,2024,"National Stadium, Karachi",Multan Sultans,wickets 7,qualifier,Usama Mir,Aleem Dar,RK Illingworth,146,7,9,51,35,Peshawar Zalmi,147.0,3.0,9.0,45.0,28.0,Multan Sultans,0,-1.0,0.5346534653465347,0.5789473684210527,0.3333333333333333,0.8,0.6,0.5555555555555556,171.98181818181817
1416503,2024-03-15,2024,"National Stadium, Karachi",Islamabad United,runs 39,eliminator,Imad Wasim,Ahsan Raza,CB Gaffaney,174,9,10,51,37,Islamabad United,135.0,10.0,8.0,23.0,13.0,Quetta Gladiators,1,39.0,0.5360824742268041,0.4888888888888889,0.5,0.8,0.4,0.7777777777777778,159.47619047619048
1416504,2024-03-16,2024,"National Stadium, Karachi",Islamabad United,wickets 5,eliminator,Imad Wasim,Asif Yaqoob,RK Illingworth,185,5,2,59,45,Peshawar Zalmi,189.0,5.0,16.0,50.0,49.0,Islamabad United,0,-4.0,0.5294117647058824,0.5408163265306123,0.5217391304347826,0.6,0.8,0.5,171.51785714285714
1416505,2024-03-18,2024,"National Stadium, Karachi",Islamabad United,wickets 2,final,Imad Wasim,Ahsan Raza,CB Gaffaney,159,9,10,48,35,Multan Sultans,163.0,8.0,6.0,46.0,36.0,Islamabad United,0,-4.0,0.5844155844155844,0.5454545454545454,0.5333333333333333,0.6,0.8,0.8,177.7111111111111
1475238,2025-04-11,2025,Rawalpindi Cricket Stadium,Islamabad United,wickets 8,regular,JO Holder,Ahsan Raza,CM Brown,139,10,14,36,27,Lahore Qalandars,143.0,2.0,14.0,37.0,19.0,Islamabad United,0,-4.0,0.425531914893617,0.55,0.47368421052631576,0.2,1.0,0.5,166.75925925925927
1475240,2025-04-12,2025,"National Stadium, Karachi",Karachi Kings,wickets 4,regular,JM Vince,AG Wharf,Asif Yaqoob,234,3,22,63,74,Multan Sultans,236.0,6.0,7.0,76.0,48.0,Karachi Kings,0,-2.0,0.5769230769230769,0.391304347826087,0.5384615384615384,0.4,0.4,0.7272727272727273,177.30434782608697
1475239,2025-04-12,2025,Rawalpindi Cricket Stadium,Quetta Gladiators,runs 80,regular,Abrar Ahmed,Ahsan Raza,Rashid Riaz,216,3,7,65,58,Quetta Gladiators,136.0,10.0,6.0,45.0,0.0,Peshawar Zalmi,1,80.0,0.4835164835164835,0.5242718446601942,0.43478260869565216,0.2,0.6,0.375,153.75757575757575
1475241,2025-04-13,2025,Rawalpindi Cricket Stadium,Lahore Qalandars,runs 79,regular,Fakhar Zaman,Ahsan Raza,CM Brown,219,6,8,60,61,Lahore Qalandars,140.0,10.0,6.0,62.0,0.0,Quetta Gladiators,1,79.0,0.42105263157894735,0.4891304347826087,0.5,0.2,0.4,0.4,166.25454545454545
1475242,2025-04-14,2025,Rawalpindi Cricket Stadium,Islamabad United,runs 102,regular,Sahibzada Farhan,Aleem Dar,Nasir Hussain,243,5,13,73,55,Islamabad United,141.0,10.0,9.0,43.0,11.0,Peshawar Zalmi,1,102.0,0.5544554455445545,0.5192307692307693,0.5,1.0,0.4,0.5,159.8139534883721
1475243,2025-04-15,2025,"National Stadium, Karachi",Lahore Qalandars,runs 65,regular,Fakhar Zaman,Abdul Muqeet,PR Reiffel,201,6,6,44,48,Lahore Qalandars,136.0,10.0,9.0,39.0,34.0,Karachi Kings,1,65.0,0.4270833333333333,0.3978494623655914,0.2631578947368421,0.4,0.6,0.4444444444444444,167.19642857142858
1475244,2025-04-16,2025,Rawalpindi Cricket Stadium,Islamabad United,runs 47,regular,JO Holder,Ahsan Raza,CM Brown,202,6,8,62,64,Islamabad United,155.0,10.0,13.0,62.0,13.0,Multan Sultans,1,47.0,0.5588235294117647,0.569620253164557,0.5,1.0,0.4,0.5333333333333333,161.70454545454547
1475245,2025-04-18,2025,"National Stadium, Karachi",Karachi Kings,runs 56,regular,JM Vince,PR Reiffel,Tariq Rasheed,175,7,4,61,47,Karachi Kings,119.0,9.0,15.0,37.0,27.0,Quetta Gladiators,1,56.0,0.39361702127659576,0.4838709677419355,0.3333333333333333,0.4,0.4,0.2222222222222222,161.29787234042553
1475246,2025-04-19,2025,Rawalpindi Cricket Stadium,Peshawar Zalmi,runs 120,regular,Abdul Samad,Aleem Dar,CM Brown,227,7,10,69,66,Peshawar Zalmi,107.0,10.0,0.0,61.0,0.0,Multan Sultans,1,120.0,0.5142857142857142,0.5625,0.3125,0.2,0.4,0.5714285714285714,171.75438596491227
1475247,2025-04-20,2025,"National Stadium, Karachi",Islamabad United,wickets 6,regular,Shadab Khan,AG Wharf,Asif Yaqoob,128,7,11,41,36,Karachi Kings,129.0,4.0,9.0,48.0,13.0,Islamabad United,0,-1.0,0.4,0.5631067961165048,0.2727272727272727,0.6,1.0,0.2631578947368421,161.58333333333334
1475248,2025-04-21,2025,"National Stadium, Karachi",Karachi Kings,wickets 2,regular,Khushdil Shah,Faisal Afridi,PR Reiffel,147,8,10,27,36,Peshawar Zalmi,148.0,8.0,12.0,44.0,32.0,Karachi Kings,0,-1.0,0.5188679245283019,0.3958333333333333,0.7,0.2,0.4,0.45454545454545453,172.70689655172413
1475249,2025-04-22,2025,Multan Cricket Stadium,Multan Sultans,runs 33,regular,Yasir Khan,CM Brown,Rashid Riaz,228,5,3,79,45,Multan Sultans,195.0,9.0,12.0,58.0,40.0,Lahore Qalandars,1,33.0,0.5555555555555556,0.4329896907216495,0.5263157894736842,0.2,0.4,0.8461538461538461,178.51063829787233
1475250,2025-04-23,2025,Multan Cricket Stadium,Islamabad United,wickets 7,regular,AGS Gous,Ahsan Raza,CM Brown,168,5,4,48,34,Multan Sultans,171.0,3.0,3.0,69.0,18.0,Islamabad United,0,-3.0,0.5609756097560976,0.5673076923076923,0.47058823529411764,0.2,1.0,0.8571428571428571,179.54166666666666
1475251,2025-04-24,2025,"Gaddafi Stadium, Lahore",Peshawar Zalmi,wickets 7,regular,AS Joseph,AG Wharf,Asif Yaqoob,129,10,7,35,26,Lahore Qalandars,133.0,3.0,4.0,52.0,10.0,Peshawar Zalmi,0,-4.0,0.42857142857142855,0.514018691588785,0.42105263157894735,0.4,0.2,0.5238095238095238,167.78947368421052
1475252,2025-04-25,2025,"Gaddafi Stadium, Lahore",Quetta Gladiators,runs 5,regular,Abrar Ahmed,Nasir Hussain,PR Reiffel,142,10,4,45,16,Quetta Gladiators,137.0,8.0,5.0,51.0,35.0,Karachi Kings,1,5.0,0.4787234042553192,0.4020618556701031,0.631578947368421,0.2,0.6,0.5555555555555556,155.58823529411765
1475253,2025-04-26,2025,"Gaddafi Stadium, Lahore",Lahore Qalandars,wickets 5,regular,DJ Mitchell,Ahsan Raza,AG Wharf,185,3,6,39,57,Multan Sultans,186.0,5.0,13.0,45.0,39.0,Lahore Qalandars,0,-1.0,0.5542168674698795,0.42424242424242425,0.55,0.2,0.4,0.6363636363636364,179.30612244897958
1475254,2025-04-27,2025,"Gaddafi Stadium, Lahore",Quetta Gladiators,runs 64,regular,Faheem Ashraf,AG Wharf,Rashid Riaz,178,7,10,67,38,Quetta Gladiators,114.0,10.0,7.0,41.0,0.0,Peshawar Zalmi,1,64.0,0.4842105263157895,0.5185185185185185,0.4583333333333333,0.4,0.4,0.6,155.2
1475255,2025-04-29,2025,"Gaddafi Stadium, Lahore",Quetta Gladiators,wickets 10,regular,Khurram Shahzad,Ahsan Raza,Faisal Afridi,89,10,6,31,7,Multan Sultans,90.0,0.0,3.0,74.0,0.0,Quetta Gladiators,0,-1.0,0.5476190476190477,0.4895833333333333,0.6923076923076923,0.2,0.6,0.5833333333333334,179.42
1475256,2025-04-30,2025,"Gaddafi Stadium, Lahore",Lahore Qalandars,runs 88,regular,Sikandar Raza,Asif Yaqoob,PR Reiffel,209,6,13,56,64,Lahore Qalandars,121.0,10.0,2.0,49.0,7.0,Islamabad United,1,88.0,0.43,0.5714285714285714,0.45,0.6,1.0,0.5217391304347826,167.1206896551724
1475257,2025-05-01,2025,"Gaddafi Stadium, Lahore",Karachi Kings,runs 87,regular,JM Vince,AG Wharf,Rashid Riaz,204,4,13,65,60,Karachi Kings,117.0,10.0,10.0,53.0,0.0,Multan Sultans,1,87.0,0.3979591836734694,0.5411764705882353,0.42857142857142855,0.4,0.2,0.4444444444444444,160.89795918367346
1475258,2025-05-01,2025,"Gaddafi Stadium, Lahore",No result,no result,regular,,Faisal Afridi,PR Reiffel,111,3,5,67,0,Lahore Qalandars,,,,,,,0,,0.43564356435643564,0.5,0.5,0.6,0.5,0.5416666666666666,167.83050847457628
1475259,2025-05-02,2025,"Gaddafi Stadium, Lahore",Peshawar Zalmi,wickets 6,regular,Maaz Sadaqat,AG Wharf,Faisal Afridi,143,9,6,49,36,Islamabad United,147.0,4.0,15.0,40.0,7.0,Peshawar Zalmi,0,-4.0,0.5660377358490566,0.5137614678899083,0.52,0.8,0.4,0.23076923076923078,162.6
1475260,2025-05-03,2025,"Gaddafi Stadium, Lahore",Quetta Gladiators,wickets 2,regular,Hassan Nawaz,AG Wharf,Rashid Riaz,157,9,5,59,47,Islamabad United,159.0,8.0,7.0,53.0,42.0,Quetta Gladiators,0,-2.0,0.5607476635514018,0.4948453608247423,0.5263157894736842,0.6,0.6,0.21428571428571427,162.17391304347825
1475261,2025-05-04,2025,"Gaddafi Stadium, Lahore",Karachi Kings,wickets 4,regular,Irfan Khan,Ahsan Raza,AG Wharf,160,8,8,69,0,Lahore Qalandars,168.0,6.0,9.0,68.0,0.0,Karachi Kings,0,-8.0,0.43137254901960786,0.40404040404040403,0.3,0.4,0.6,0.52,166.88333333333333
1475262,2025-05-05,2025,Multan Cricket Stadium,Peshawar Zalmi,wickets 7,regular,Ahmed Daniyal,Abdul Muqeet,PR Reiffel,108,10,6,40,18,Multan Sultans,110.0,3.0,7.0,54.0,0.0,Peshawar Zalmi,0,-2.0,0.5348837209302325,0.5181818181818182,0.6470588235294118,0.2,0.6,0.8,177.64705882352942
1475263,2025-05-07,2025,Rawalpindi Cricket Stadium,Quetta Gladiators,runs 109,regular,RR Rossouw,Faisal Afridi,HDPK Dharmasena,263,3,18,63,67,Quetta Gladiators,154.0,10.0,6.0,53.0,40.0,Islamabad United,1,109.0,0.5,0.5555555555555556,0.5,0.8,0.4,0.4,155.83333333333334
1475264,2025-05-17,2025,Rawalpindi Cricket Stadium,Karachi Kings,runs 23,regular,DA Warner,Ahsan Raza,Asif Yaqoob,237,4,8,57,70,Karachi Kings,214.0,5.0,6.0,59.0,45.0,Peshawar Zalmi,1,23.0,0.41,0.5225225225225225,0.3333333333333333,0.6,0.6,0.42857142857142855,161.76
1475265,2025-05-18,2025,Rawalpindi Cricket Stadium,Quetta Gladiators,wickets 2,regular,Hassan Nawaz,Asif Yaqoob,Faisal Afridi,185,7,4,56,40,Multan Sultans,190.0,8.0,11.0,60.0,45.0,Quetta Gladiators,0,-5.0,0.5287356321839081,0.5050505050505051,0.6428571428571429,0.0,1.0,0.375,176.30769230769232
1475266,2025-05-18,2025,Rawalpindi Cricket Stadium,Lahore Qalandars,runs 26,regular,Salman Mirza,Ahsan Raza,Rashid Riaz,149,8,13,80,0,Lahore Qalandars,123.0,8.0,16.0,48.0,0.0,Peshawar Zalmi,1,26.0,0.42718446601941745,0.5178571428571429,0.4,0.4,0.6,0.5,166.7704918032787
1475267,2025-05-19,2025,Rawalpindi Cricket Stadium,Islamabad United,runs 79,regular,AD Hales,Faisal Afridi,Rashid Riaz,251,5,11,76,59,Islamabad United,172.0,10.0,8.0,61.0,22.0,Karachi Kings,1,79.0,0.5504587155963303,0.4158415841584158,0.7391304347826086,0.2,0.8,0.5294117647058824,162.06382978723406
1475268,2025-05-21,2025,"Gaddafi Stadium, Lahore",Quetta Gladiators,runs 30,qualifier,Faheem Ashraf,Aleem Dar,Asif Yaqoob,209,6,8,70,58,Quetta Gladiators,179.0,10.0,11.0,45.0,25.0,Islamabad United,1,30.0,0.51,0.5545454545454546,0.5238095238095238,1.0,0.2,0.6923076923076923,158.72972972972974
1475269,2025-05-22,2025,"Gaddafi Stadium, Lahore",Lahore Qalandars,wickets 6,eliminator,Abdullah Shafique,Faisal Afridi,Rashid Riaz,190,8,19,70,46,Karachi Kings,191.0,4.0,11.0,60.0,27.0,Lahore Qalandars,0,-1.0,0.4117647058823529,0.4326923076923077,0.6666666666666666,0.6,0.6,0.5454545454545454,163.23529411764707
1475270,2025-05-23,2025,"Gaddafi Stadium, Lahore",Lahore Qalandars,runs 95,qualifier,Salman Mirza,Asif Yaqoob,Faisal Afridi,202,8,12,58,52,Lahore Qalandars,107.0,10.0,11.0,33.0,0.0,Islamabad United,1,95.0,0.4380952380952381,0.5495495495495496,0.47619047619047616,0.6,0.2,0.5185185185185185,166.48387096774192
1475271,2025-05-25,2025,"Gaddafi Stadium, Lahore",Lahore Qalandars,wickets 6,final,MDKJ Perera,Asif Yaqoob,Rashid Riaz,201,9,6,57,46,Quetta Gladiators,204.0,4.0,8.0,56.0,61.0,Lahore Qalandars,0,-3.0,0.5148514851485149,0.44339622641509435,0.47368421052631576,1.0,0.6,0.7142857142857143,160.05263157894737
